Abhayapala_male = { Abhayapala }
Achalraj_male = { Achalraj }
Achalraja_male = { Achalraja }
Acharya_male = { Acharya }
Adhandev_male = { Adhandev }
Adityadeva_male = { Adityadeva }
Ahila_male = { Ahila }
Ajairaja_male = { Ajairaja }
Ajay_Singh_male = { Ajay_Singh }
Ajayapala_male = { Ajayapala }
Ajmal_male = { Ajmal }
Akal_female = { Akal }
Alhana_male = { Alhana }
Allat_male = { Allat }
Alsi_male = { Alsi }
Amarangeya_male = { Amarangeya }
Ambra_Prasad_male = { Ambra_Prasad }
Amir_male = { Amir }
Amritapala_male = { Amritapala }
Anahilla_male = { Anahilla }
Anangpal_male = { Anangpal }
Anangpala_male = { Anangpala }
Anantadevi_female = { Anantadevi }
Annaladevi_female = { Annaladevi }
Anupapala_male = { Anupapala }
Anuppal_male = { Anuppal }
Apara_Gangeya_male = { Apara_Gangeya }
Ari_Singh_male = { Ari_Singh }
Arjunavarman_male = { Arjunavarman }
Arjunpal_male = { Arjunpal }
Arjunpala_male = { Arjunpala }
Arnoraja_male = { Arnoraja }
Asaraja_male = { Asaraja }
Asvapala_male = { Asvapala }
Bacchdev_male = { Bacchdev }
Bachraj_male = { Bachraj }
Baghpal_male = { Baghpal }
Baghpala_male = { Baghpala }
Bahadur_Singh_male = { Bahadur_Singh }
Balaprasada_male = { Balaprasada }
Baliraja_male = { Baliraja }
Bauladevi_female = { Bauladevi }
Beejpal_male = { Beejpal }
Beejpala_male = { Beejpala }
Bhaadar_male = { Bhaadar }
Bhatarka_male = { Bhatarka }
Bhert_Patt_male = { Bhert_Patt }
Bhilpala_male = { Bhilpala }
Bhim_Singh_male = { Bhim_Singh }
Bhima_male = { Bhima }
Bhimadeva_male = { Bhimadeva }
Bhoj_male = { Bhoj }
Bhoja_male = { Bhoja }
Bhojavarman_male = { Bhojavarman }
Bhoo_Chand_male = { Bhoo_Chand }
Bhopal_male = { Bhopal }
Bhumpal_male = { Bhumpal }
Bhumpala_male = { Bhumpala }
Bhuvan_Singh_male = { Bhuvan_Singh }
Bhuyikadevi_female = { Bhuyikadevi }
Birpal_male = { Birpal }
Birpala_male = { Birpala }
Bisaldeva_male = { Bisaldeva }
Brahmadeva_male = { Brahmadeva }
Brahmapala_male = { Brahmapala }
Brahmdevpal_male = { Brahmdevpal }
Candrabhattarikadevi_female = { Candrabhattarikadevi }
Chachiga_male = { Chachiga }
Chachinidevi_female = { Chachinidevi }
Chamundaraja_male = { Chamundaraja }
Chand_male = { Chand }
Chandanaraja_male = { Chandanaraja }
Chandraraja_male = { Chandraraja }
Chaud_Singh_male = { Chaud_Singh }
Dadda_male = { Dadda }
Damayanti_female = { Damayanti }
Dambarisimha_male = { Dambarisimha }
Dattadevi_female = { Dattadevi }
Dehanagadevi_female = { Dehanagadevi }
Delhanadevi_female = { Delhanadevi }
Deopali_Deo_male = { Deopali_Deo }
Desaladevi_female = { Desaladevi }
Devapala_male = { Devapala }
Devavarman_male = { Devavarman }
Dhanga_male = { Dhanga }
Dhangadeva_male = { Dhangadeva }
Dharapatta_male = { Dharapatta }
Dharasena_male = { Dharasena }
Dharmapala_male = { Dharmapala }
Dhaulshaya_male = { Dhaulshaya }
Dhruvadevi_female = { Dhruvadevi }
Dhruvasena_male = { Dhruvasena }
Dhruvasvamini_female = { Dhruvasvamini }
Dilipapala_male = { Dilipapala }
Dilippal_male = { Dilippal }
Dinakarn_male = { Dinakarn }
Doth_male = { Doth }
Draupad_male = { Draupad }
Draupada_male = { Draupada }
Dronasinha_male = { Dronasinha }
Dugarendra_male = { Dugarendra }
Dungar_Singh_male = { Dungar_Singh }
Durlabharaja_male = { Durlabharaja }
Gajasimha_male = { Gajasimha }
Gambhir_male = { Gambhir }
Ganapatideva_male = { Ganapatideva }
Gandadeva_male = { Gandadeva }
Gangeya_male = { Gangeya }
Ghatamdeva_male = { Ghatamdeva }
Gopal_male = { Gopal }
Gopala_male = { Gopala }
Gopendraka_male = { Gopendraka }
Gopendraraja_male = { Gopendraraja }
Govinda_male = { Govinda }
Govindachandra_male = { Govindachandra }
Govindapala_male = { Govindapala }
Govindaraja_male = { Govindaraja }
Govindraj_male = { Govindraj }
Guhasena_male = { Guhasena }
Guvaka_male = { Guvaka }
Hamir_male = { Hamir }
Hammir_Singh_male = { Hammir_Singh }
Hammira_male = { Hammira }
Hammiravarman_male = { Hammiravarman }
Hanspal_male = { Hanspal }
Hariraja_male = { Hariraja }
Harischandra_male = { Harischandra }
Hariyadevi_female = { Hariyadevi }
Harpal_male = { Harpal }
Harsa_male = { Harsa }
Harshapala_male = { Harshapala }
Hemachandra_male = { Hemachandra }
Hemavati_female = { Hemavati }
Hirapal_male = { Hirapal }
Hirapala_male = { Hirapala }
Indrapal_male = { Indrapal }
Indrapala_male = { Indrapala }
Ishtpala_male = { Ishtpala }
Jagadeva_male = { Jagadeva }
Jaganpal_male = { Jaganpal }
Jaganpala_male = { Jaganpala }
Jagatpal_male = { Jagatpal }
Jagatpala_male = { Jagatpala }
Jagdev_male = { Jagdev }
Jagdeva_male = { Jagdeva }
Jaidas_male = { Jaidas }
Jaipal_male = { Jaipal }
Jaitra_Singh_male = { Jaitra_Singh }
Jaitrasimha_male = { Jaitrasimha }
Jaitugideva_male = { Jaitugideva }
Jasapala_male = { Jasapala }
Jaskarn_male = { Jaskarn }
Jaspal_male = { Jaspal }
Jatanpal_male = { Jatanpal }
Jatanpala_male = { Jatanpala }
Jay_Singh_male = { Jay_Singh }
Jay_Singh_Deo_male = { Jay_Singh_Deo }
Jayapala_male = { Jayapala }
Jayaraja_male = { Jayaraja }
Jayasakti_male = { Jayasakti }
Jayasimha_male = { Jayasimha }
Jayat_Singh_male = { Jayat_Singh }
Jayshikari_male = { Jayshikari }
Jendraraja_male = { Jendraraja }
Jhetpal_male = { Jhetpal }
Jhetpala_male = { Jhetpala }
Jojalla_male = { Jojalla }
Junpala_male = { Junpala }
Kailaspal_male = { Kailaspal }
Kailaspala_male = { Kailaspala }
Kakanvati_female = { Kakanvati }
Kakhopal_male = { Kakhopal }
Kakhopala_male = { Kakhopala }
Kalayandevi_female = { Kalayandevi }
Kalbhoj_male = { Kalbhoj }
Kalkurna_male = { Kalkurna }
Kalyanachandra_male = { Kalyanachandra }
Kamal_male = { Kamal }
Kanchuka_female = { Kanchuka }
Kanhad_male = { Kanhad }
Kanhadadeva_male = { Kanhadadeva }
Kanvarpal_male = { Kanvarpal }
Kanvarpala_male = { Kanvarpala }
Kanwar_female = { Kanwar }
Karan_Singh_male = { Karan_Singh }
Karandeva_male = { Karandeva }
Karmavati_female = { Karmavati }
Karnadeva_male = { Karnadeva }
Karnpal_male = { Karnpal }
Katudeva_male = { Katudeva }
Katukaraja_male = { Katukaraja }
Keeratdeva_male = { Keeratdeva }
Keerti_Verma_male = { Keerti_Verma }
Kelhana_male = { Kelhana }
Khadag_male = { Khadag }
Kharagraha_male = { Kharagraha }
Khetrapal_male = { Khetrapal }
Khetrapala_male = { Khetrapala }
Khuman_male = { Khuman }
Kiratpal_male = { Kiratpal }
Kiratpala_male = { Kiratpala }
Kirtipala_male = { Kirtipala }
Kirtivarman_male = { Kirtivarman }
Krishnray_male = { Krishnray }
Krsnapa_male = { Krsnapa }
Kshem_Singh_male = { Kshem_Singh }
Kshemraja_male = { Kshemraja }
Kshetra_Singh_male = { Kshetra_Singh }
Kumaradevi_female = { Kumaradevi }
Kumarapala_male = { Kumarapala }
Kunwar_male = { Kunwar }
Kunwarpal_male = { Kunwarpal }
Ladahachandra_male = { Ladahachandra }
Lakhanapala_male = { Lakhanapala }
Lakhshaman_Singh_male = { Lakhshaman_Singh }
Lakshman_female = { Lakshman }
Lakshmana_male = { Lakshmana }
Lakshmanadeva_male = { Lakshmanadeva }
Lakshmandeva_male = { Lakshmandeva }
Lakshmivarman_male = { Lakshmivarman }
Lavanyakarna_male = { Lavanyakarna }
Laxmidevi_female = { Laxmidevi }
Lokpala_male = { Lokpala }
Lunavarman_male = { Lunavarman }
Luntiga_male = { Luntiga }
Madanapala_male = { Madanapala }
Madanavarman_male = { Madanavarman }
Madhavi_female = { Madhavi }
Mahalakshmi_female = { Mahalakshmi }
Mahap_male = { Mahap }
Maharana_male = { Maharana }
Maharani_female = { Maharani }
Mahayak_male = { Mahayak }
Mahendra_male = { Mahendra }
Mahendrapal_male = { Mahendrapal }
Mahendrapala_male = { Mahendrapala }
Mahidevi_female = { Mahidevi }
Mahipal_male = { Mahipal }
Mahipala_male = { Mahipala }
Mahipata_male = { Mahipata }
Mahlakadeva_male = { Mahlakadeva }
Maladeva_male = { Maladeva }
Manaladevi_female = { Manaladevi }
Manavasimha_male = { Manavasimha }
Mandandeva_male = { Mandandeva }
Mangaldeva_male = { Mangaldeva }
Margdeva_male = { Margdeva }
Mathan_Singh_male = { Mathan_Singh }
Mattat_male = { Mattat }
Mayanalladevi_female = { Mayanalladevi }
Mihira_male = { Mihira }
Mulraja_male = { Mulraja }
Nagabhata_male = { Nagabhata }
Nagapala_male = { Nagapala }
Nagarjuna_male = { Nagarjuna }
Nagdeo_male = { Nagdeo }
Nagraja_male = { Nagraja }
Namalladevi_female = { Namalladevi }
Nannuka_male = { Nannuka }
Nar_Verma_male = { Nar_Verma }
Naradeva_male = { Naradeva }
Narapati_male = { Narapati }
Naravarman_male = { Naravarman }
Naravarmandeva_male = { Naravarmandeva }
Narayanapala_male = { Narayanapala }
Narpal_male = { Narpal }
Narwahan_male = { Narwahan }
Nattadevi_female = { Nattadevi }
Nayapala_male = { Nayapala }
Nihaal_male = { Nihaal }
Nihalray_male = { Nihalray }
Padam_Singh_male = { Padam_Singh }
Padmaladevi_female = { Padmaladevi }
Padmini_female = { Padmini }
Paramardideva_male = { Paramardideva }
Pavak_male = { Pavak }
Peepalraj_male = { Peepalraj }
Popatraj_male = { Popatraj }
Prabhavati_female = { Prabhavati }
Prabhavatigupta_female = { Prabhavatigupta }
Prahladana_male = { Prahladana }
Prasadhanadevi_female = { Prasadhanadevi }
Pratapa_male = { Pratapa }
Pratha_female = { Pratha }
Pritampal_male = { Pritampal }
Pritampala_male = { Pritampala }
Prithipala_male = { Prithipala }
Prithivipala_male = { Prithivipala }
Prithvi_male = { Prithvi }
Prithvipal_male = { Prithvipal }
Prithviraj_male = { Prithviraj }
Prithviraja_male = { Prithviraja }
Prithvivarman_male = { Prithvivarman }
Puppadevi_female = { Puppadevi }
Purnpala_male = { Purnpala }
Rahap_male = { Rahap }
Rahila_male = { Rahila }
Rajamati_female = { Rajamati }
Rajapala_male = { Rajapala }
Rajyapala_male = { Rajyapala }
Ramabhadra_male = { Ramabhadra }
Ramachandra_male = { Ramachandra }
Ramapala_male = { Ramapala }
Rampal_male = { Rampal }
Rampala_male = { Rampala }
Rana_male = { Rana }
Rangraj_male = { Rangraj }
Rangraja_male = { Rangraja }
Rasaladevi_female = { Rasaladevi }
Ratan_Singh_male = { Ratan_Singh }
Ratnapala_male = { Ratnapala }
Rayapala_male = { Rayapala }
Rijhpala_male = { Rijhpala }
Roshandeva_male = { Roshandeva }
Rudaladevi_female = { Rudaladevi }
Rudrani_female = { Rudrani }
Rudrapala_male = { Rudrapala }
Rupadevi_female = { Rupadevi }
Sahajapala_male = { Sahajapala }
Sahanapala_male = { Sahanapala }
Salivaahan_male = { Salivaahan }
Sallaksanavarman_male = { Sallaksanavarman }
Samant_Singh_male = { Samant_Singh }
Samanta_male = { Samanta }
Samantasimha_male = { Samantasimha }
Samar_Singh_male = { Samar_Singh }
Samarasimha_male = { Samarasimha }
Samyukta_female = { Samyukta }
Sanyukta_female = { Sanyukta }
Saugandeva_male = { Saugandeva }
Shaliwahan_male = { Shaliwahan }
Shrimitradevi_female = { Shrimitradevi }
Shuchi_Verma_male = { Shuchi_Verma }
Shurapala_male = { Shurapala }
Sidhawa_female = { Sidhawa }
Siladitya_male = { Siladitya }
Sindhuraja_male = { Sindhuraja }
Singhraja_male = { Singhraja }
Sinha_male = { Sinha }
Sinhad_Deo_male = { Sinhad_Deo }
Sisupal_male = { Sisupal }
Sisupala_male = { Sisupala }
Siyaka_male = { Siyaka }
Sohanpal_male = { Sohanpal }
Sohiya_male = { Sohiya }
Somalladevi_female = { Somalladevi }
Somasi_male = { Somasi }
Someshvara_male = { Someshvara }
Someshwara_male = { Someshwara }
Sonpal_male = { Sonpal }
Sonpala_male = { Sonpala }
Srichandra_male = { Srichandra }
Subhatavarman_male = { Subhatavarman }
Suhava_female = { Suhava }
Sukhinpal_male = { Sukhinpal }
Sukhinpala_male = { Sukhinpala }
Sulakshanpal_male = { Sulakshanpal }
Sultanpal_male = { Sultanpal }
Sultanpala_male = { Sultanpala }
Sundaridevi_female = { Sundaridevi }
Surajpal_male = { Surajpal }
Surajpala_male = { Surajpala }
Suratrana_male = { Suratrana }
Tej_Singh_male = { Tej_Singh }
Tejapala_male = { Tejapala }
Tejasimha_male = { Tejasimha }
Tejpal_male = { Tejpal }
Tihunaka_female = { Tihunaka }
Tolpal_male = { Tolpal }
Traillokyachandra_male = { Traillokyachandra }
Trailokyavarman_male = { Trailokyavarman }
Tribhuvanapala_male = { Tribhuvanapala }
Trilochanpala_male = { Trilochanpala }
Udayaditya_male = { Udayaditya }
Udayamati_female = { Udayamati }
Udayasimha_male = { Udayasimha }
Udayavarman_male = { Udayavarman }
Udaysangh_male = { Udaysangh }
Uddharandeva_male = { Uddharandeva }
Upendra_male = { Upendra }
Vachhal_male = { Vachhal }
Vagbhata_male = { Vagbhata }
Vahadiasimha_male = { Vahadiasimha }
Vairisimha_male = { Vairisimha }
Vairsingh_male = { Vairsingh }
Vajradeva_male = { Vajradeva }
Vakapati_male = { Vakapati }
Vakpati_male = { Vakpati }
Vakpatiraja_male = { Vakpatiraja }
Valhana_male = { Valhana }
Valhanadeva_male = { Valhanadeva }
Vallabharaja_male = { Vallabharaja }
Vanraja_male = { Vanraja }
Vapyata_male = { Vapyata }
Varshapala_male = { Varshapala }
Varshpal_male = { Varshpal }
Vasudev_male = { Vasudev }
Vasudeva_male = { Vasudeva }
Vatsaraja_male = { Vatsaraja }
Vidurathpal_male = { Vidurathpal }
Vidurathpala_male = { Vidurathpala }
Vidyadhara_male = { Vidyadhara }
Vigrahapala_male = { Vigrahapala }
Vigraharaja_male = { Vigraharaja }
Vigrharaja_male = { Vigrharaja }
Vihangpal_male = { Vihangpal }
Vijada_Dasasyandana_male = { Vijada_Dasasyandana }
Vijai_Singh_male = { Vijai_Singh }
Vijayapala_male = { Vijayapala }
Vijayasakti_male = { Vijayasakti }
Vikramaditya_male = { Vikramaditya }
Vinayakapala_male = { Vinayakapala }
Vinaykpala_male = { Vinaykpala }
Vindhyavarman_male = { Vindhyavarman }
Viradeva_male = { Viradeva }
Virama_male = { Virama }
Viramdeva_male = { Viramdeva }
Viranarayana_male = { Viranarayana }
Viravarman_male = { Viravarman }
Virsinghadeva_male = { Virsinghadeva }
Virsinh_Deo_male = { Virsinh_Deo }
Viryarama_male = { Viryarama }
Xemraja_male = { Xemraja }
Yasovarman_male = { Yasovarman }
Yograj_male = { Yograj }
