Aba_female = { Aba }
Abadi_male = { Abadi }
Abasama_male = { Abasama }
Abass_male = { Abass }
Abbas_male = { Abbas }
Abdoulaye_male = { Abdoulaye }
Abdul_male = { Abdul }
Abdulkareem_male = { Abdulkareem }
Abdulraham_male = { Abdulraham }
Abena_female = { Abena }
Abi_Bakr_male = { Abi_Bakr }
Abi_female = { Abi }
Abina_female = { Abina }
Abiol_male = { Abiol }
Abla_female = { Abla }
Abrema_female = { Abrema }
Abu_male = { Abu }
Abubakar_male = { Abubakar }
Abubakari_male = { Abubakari }
Adama_female = { Adama }
Adamu_male = { Adamu }
Adarhormazd_male = { Adarhormazd }
Adayeh_female = { Adayeh }
Addae_male = { Addae }
Adeben_male = { Adeben }
Adeh_male = { Adeh }
Adel_female = { Adel }
Aden_female = { Aden }
Aden_male = { Aden }
Adeng_male = { Adeng }
Adia_female = { Adia }
Adim_male = { Adim }
Adja_female = { Adja }
Adjo_female = { Adjo }
Adjua_female = { Adjua }
Ado_male = { Ado }
Adofo_male = { Adofo }
Adom_male = { Adom }
Adoux_female = { Adoux }
Adowa_female = { Adowa }
Adusa_male = { Adusa }
Adwoa_female = { Adwoa }
Adzo_female = { Adzo }
Afan_male = { Afan }
Afi_female = { Afi }
Afia_female = { Afia }
Afiah_male = { Afiah }
Afua_female = { Afua }
Agbeh_male = { Agbeh }
Aggen_female = { Aggen }
Agyei_male = { Agyei }
Agyeman_male = { Agyeman }
Agyemang_male = { Agyemang }
Ahmed_male = { Ahmed }
Ahmedu_male = { Ahmedu }
Ahoo_female = { Ahoo }
Aichata_female = { Aichata }
Aisa_female = { Aisa }
Aisha_female = { Aisha }
Aissa_female = { Aissa }
Aissata_female = { Aissata }
Aja_female = { Aja }
Akah_male = { Akah }
Akang_male = { Akang }
Akba_male = { Akba }
Akin_male = { Akin }
Akoi_male = { Akoi }
Akosi_female = { Akosi }
Akosiwa_female = { Akosiwa }
Akosua_female = { Akosua }
Akron_male = { Akron }
Aku_female = { Aku }
Akua_female = { Akua }
Akun_male = { Akun }
Akux_female = { Akux }
Akwasi_male = { Akwasi }
Alanso_female = { Alanso }
Alayaman_male = { Alayaman }
Aleh_male = { Aleh }
Aleng_male = { Aleng }
Ali_Fay_male = { Ali_Fay }
Ali_Kolon_male = { Ali_Kolon }
Ali_male = { Ali }
Ali_Zalil_male = { Ali_Zalil }
Alima_female = { Alima }
Alimatou_female = { Alimatou }
Alioune_male = { Alioune }
Aliyah_female = { Aliyah }
Aliyu_male = { Aliyu }
Ama_female = { Ama }
Amadou_male = { Amadou }
Amah_male = { Amah }
Amang_male = { Amang }
Amba_female = { Amba }
Ambang_female = { Ambang }
Ame_female = { Ame }
Ameyo_female = { Ameyo }
Amie_female = { Amie }
Amim_male = { Amim }
Amin_female = { Amin }
Amina_female = { Amina }
Aminah_female = { Aminah }
Aminata_female = { Aminata }
Aminatu_female = { Aminatu }
Aminu_male = { Aminu }
Amir_male = { Amir }
Amita_female = { Amita }
Amma_female = { Amma }
Amoa_male = { Amoa }
Amoah_female = { Amoah }
Amoang_female = { Amoang }
Amoani_male = { Amoani }
Ampah_male = { Ampah }
Anan_male = { Anan }
Anane_male = { Anane }
Angan_male = { Angan }
Angang_male = { Angang }
Angim_female = { Angim }
Anim_male = { Anim }
Ankada_male = { Ankada }
Ankoma_male = { Ankoma }
Ankrang_female = { Ankrang }
Ansah_female = { Ansah }
Anti_female = { Anti }
Anum_male = { Anum }
Anyan_male = { Anyan }
Anyaol_female = { Anyaol }
Aoua_female = { Aoua }
Araba_female = { Araba }
Arah_female = { Arah }
Aramata_female = { Aramata }
Aran_male = { Aran }
Arang_female = { Arang }
Arbean_female = { Arbean }
Ardalan_male = { Ardalan }
Arezoo_female = { Arezoo }
Arnaz_female = { Arnaz }
Arooh_female = { Arooh }
Arool_male = { Arool }
Arria_female = { Arria }
Arshia_male = { Arshia }
Arta_male = { Arta }
Artdokht_female = { Artdokht }
Arziki_female = { Arziki }
Asabe_female = { Asabe }
Asal_female = { Asal }
Asamoah_male = { Asamoah }
Asang_female = { Asang }
Ashakuka_male = { Ashakuka }
Ashon_male = { Ashon }
Ashtad_male = { Ashtad }
Asi_female = { Asi }
Askia_male = { Askia }
Asmau_female = { Asmau }
Ason_male = { Ason }
Aspandad_male = { Aspandad }
Assang_male = { Assang }
Atikah_female = { Atikah }
Atoapem_male = { Atoapem }
Atoh_female = { Atoh }
Atoh_male = { Atoh }
Attha_female = { Attha }
Atuma_male = { Atuma }
Auta_female = { Auta }
Awa_female = { Awa }
Awotwe_male = { Awotwe }
Awotwi_male = { Awotwi }
Awusi_female = { Awusi }
Ayawa_female = { Ayawa }
Azaddokht_female = { Azaddokht }
Azadmard_male = { Azadmard }
Azarkevan_male = { Azarkevan }
Azim_male = { Azim }
Aziza_female = { Aziza }
Azun_female = { Azun }
Baaba_female = { Baaba }
Baako_female = { Baako }
Baba_female = { Baba }
Babayo_male = { Babayo }
Babea_female = { Babea }
Bada__male = { Bada_ }
Badu_male = { Badu }
Baduwaa_female = { Baduwaa }
Bagunda_male = { Bagunda }
Bagwariya_female = { Bagwariya }
Bahaza_male = { Bahaza }
Bakhita_female = { Bakhita }
Bako_male = { Bako }
Bakon_male = { Bakon }
Bakr_Kanbu_male = { Bakr_Kanbu }
Bakr_male = { Bakr }
Bakwa_female = { Bakwa }
Balam_male = { Balam }
Balaraba_female = { Balaraba }
Balarabe_male = { Balarabe }
Bamari_male = { Bamari }
Bamba_male = { Bamba }
Bamu_male = { Bamu }
Bange_female = { Bange }
Bankanu_male = { Bankanu }
Bannu_male = { Bannu }
Barakissa_female = { Barakissa }
Barau_male = { Barau }
Barba_female = { Barba }
Barbushe_male = { Barbushe }
Baru_male = { Baru }
Bashar_male = { Bashar }
Bashir_male = { Bashir }
Bassarou_male = { Bassarou }
Bassi_male = { Bassi }
Bassin_female = { Bassin }
Batatume_female = { Batatume }
Batia_female = { Batia }
Bawa_male = { Bawa }
Bawo_male = { Bawo }
Bayajidda_male = { Bayajidda }
Bayero_male = { Bayero }
Bella_female = { Bella }
Bello_male = { Bello }
Benafsha_female = { Benafsha }
Berko_male = { Berko }
Berte__male = { Berte_ }
Beru_female = { Beru }
Biange_female = { Biange }
Bilal_male = { Bilal }
Bilaldinho_male = { Bilaldinho }
Binta_female = { Binta }
Bintou_female = { Bintou }
Bintu_female = { Bintu }
Biram_male = { Biram }
Birama_male = { Birama }
Birma_male = { Birma }
Bisi_male = { Bisi }
Bita_female = { Bita }
Biya_male = { Biya }
Biyay_male = { Biyay }
Biyo_male = { Biyo }
Biyu_male = { Biyu }
Boadi_male = { Boadi }
Bocar_male = { Bocar }
Bodiaye_female = { Bodiaye }
Bodua_male = { Bodua }
Boignoe_female = { Boignoe }
Boignoe_male = { Boignoe }
Bomba_male = { Bomba }
Bonga_male = { Bonga }
Bonse_female = { Bonse }
Bonsu_female = { Bonsu }
Boohe_male = { Boohe }
Boohoyo_male = { Boohoyo }
Borgo_male = { Borgo }
Bory_male = { Bory }
Botchwu_male = { Botchwu }
Boubakar_male = { Boubakar }
Boumi_male = { Boumi }
Bunda_female = { Bunda }
Bundaye_male = { Bundaye }
Bundou_male = { Bundou }
Bunoe_male = { Bunoe }
Burema_male = { Burema }
Burja_male = { Burja }
Busia_female = { Busia }
Busu_male = { Busu }
Camba_male = { Camba }
Cheikha_female = { Cheikha }
Chya_female = { Chya }
Cikkoku_male = { Cikkoku }
Cisse_male = { Cisse }
Cissokho_male = { Cissokho }
Coulibaly_male = { Coulibaly }
Coumba_female = { Coumba }
Daba_female = { Daba }
Dadi_male = { Dadi }
Dakauta_male = { Dakauta }
Dallatu_male = { Dallatu }
Danasabe_male = { Danasabe }
Daniyah_female = { Daniyah }
Danjuma_male = { Danjuma }
Dankaran_male = { Dankaran }
Dankataya_male = { Dankataya }
Danladi_male = { Danladi }
Danlami_male = { Danlami }
Danuwa_female = { Danuwa }
Dao_male = { Dao }
Daoud_male = { Daoud }
Daoude_male = { Daoude }
Daoudou_female = { Daoudou }
Daren_male = { Daren }
Dastan_male = { Dastan }
Dauda_male = { Dauda }
Daura_male = { Daura }
Daurama_female = { Daurama }
Dawud_male = { Dawud }
Day_male = { Day }
Deba_female = { Deba }
Dede_male = { Dede }
Dela_female = { Dela }
Delafruz_female = { Delafruz }
Delshad_female = { Delshad }
Demba_male = { Demba }
Dene_female = { Dene }
Deri_female = { Deri }
Dese_male = { Dese }
Desie_female = { Desie }
Deye_female = { Deye }
Diara_male = { Diara }
Dikkou_male = { Dikkou }
Dikku_male = { Dikku }
Diouma_female = { Diouma }
Dipo_male = { Dipo }
Djata_male = { Djata }
Djeneba_female = { Djeneba }
Djenly_female = { Djenly }
Djire_female = { Djire }
Doauda_male = { Doauda }
Donkor_male = { Donkor }
Doukourou_male = { Doukourou }
Du_ru_male = { Du_ru }
Dubaku_male = { Dubaku }
Dunku_male = { Dunku }
Dyabe_male = { Dyabe }
Ebo_male = { Ebo }
Ebol_male = { Ebol }
Edeh_female = { Edeh }
Edjin_female = { Edjin }
Efia_female = { Efia }
Efua_female = { Efua }
Egbeng_female = { Egbeng }
Ehsan_male = { Ehsan }
Ekow_male = { Ekow }
Ekua_female = { Ekua }
Enden_male = { Enden }
Endeng_female = { Endeng }
Enu_male = { Enu }
Esi_female = { Esi }
Eyallah_male = { Eyallah }
Fa_dazu_male = { Fa_dazu }
Fadazaw_male = { Fadazaw }
Fadima_female = { Fadima }
Faga_Laye_male = { Faga_Laye }
Fagba_female = { Fagba }
Fagbe_male = { Fagbe }
Fagboye_female = { Fagboye }
Faidah_female = { Faidah }
Faiqah_female = { Faiqah }
Faisal_male = { Faisal }
Faizah_female = { Faizah }
Faizu_male = { Faizu }
Fanta_female = { Fanta }
Faraa_female = { Faraa }
Fari_male = { Fari }
Fariborz_male = { Fariborz }
Farih_female = { Farih }
Farook_male = { Farook }
Farrin_female = { Farrin }
Faruk_male = { Faruk }
Faruq_male = { Faruq }
Fatim_female = { Fatim }
Fatima_female = { Fatima }
Fatimah_female = { Fatimah }
Fatou_female = { Fatou }
Fatoumata_female = { Fatoumata }
Fatoumatta_female = { Fatoumatta }
Fatta_male = { Fatta }
Fiifi_male = { Fiifi }
Filije_female = { Filije }
Filijee_female = { Filijee }
Fodi_male = { Fodi }
Friya_female = { Friya }
Fuad_male = { Fuad }
Fuluku_male = { Fuluku }
Gaddo_male = { Gaddo }
Gamata_female = { Gamata }
Gambo_male = { Gambo }
Gane_male = { Gane }
Gani_male = { Gani }
Gao_male = { Gao }
Gbamu_male = { Gbamu }
Gbenge_male = { Gbenge }
Gbise_male = { Gbise }
Gerda_female = { Gerda }
Ghazaleh_female = { Ghazaleh }
Ghobad_male = { Ghobad }
Gijimasu_male = { Gijimasu }
Gimbya_female = { Gimbya }
Gino_female = { Gino }
Gizirgizir_female = { Gizirgizir }
Gobir_male = { Gobir }
Goli_female = { Goli }
Gonga_male = { Gonga }
Goshtasb_male = { Goshtasb }
Gowon_male = { Gowon }
Gugwa_male = { Gugwa }
Guifo_male = { Guifo }
Gulbai_female = { Gulbai }
Gushtahm_male = { Gushtahm }
Gyasi_male = { Gyasi }
Habib_male = { Habib }
Habibah_female = { Habibah }
Hadang_female = { Hadang }
Haddy_female = { Haddy }
Hadejia_female = { Hadejia }
Hadi_male = { Hadi }
Hafiz_male = { Hafiz }
Hafsah_female = { Hafsah }
Halima_female = { Halima }
Halimah_female = { Halimah }
Hamata_female = { Hamata }
Hamidah_female = { Hamidah }
Hammada_male = { Hammada }
Hamzah_male = { Hamzah }
Hanna_female = { Hanna }
Hargani_male = { Hargani }
Harun_male = { Harun }
Hasroo_female = { Hasroo }
Hassan_male = { Hassan }
Hassana_female = { Hassana }
Hawa_female = { Hawa }
Hazika_female = { Hazika }
Hekwu_male = { Hekwu }
Hoshedar_male = { Hoshedar }
Huafrita_male = { Huafrita }
Hussain_male = { Hussain }
Hussaina_female = { Hussaina }
Hussein_male = { Hussein }
Ibrahim_male = { Ibrahim }
Idah_male = { Idah }
Idris_male = { Idris }
Idrissa_male = { Idrissa }
Igny_female = { Igny }
Igoumou_male = { Igoumou }
Ijaba_female = { Ijaba }
Ikoi_male = { Ikoi }
Ikpen_female = { Ikpen }
Imam_male = { Imam }
Iman_female = { Iman }
Ina_female = { Ina }
Innagari_female = { Innagari }
Isa_male = { Isa }
Isatou_female = { Isatou }
Ishaku_male = { Ishaku }
Ishaq_male = { Ishaq }
Ismail_male = { Ismail }
Ismaila_male = { Ismaila }
Jabou_female = { Jabou }
Jahou_female = { Jahou }
Jainaba_female = { Jainaba }
Jakou_female = { Jakou }
Jalil_male = { Jalil }
Jalila_female = { Jalila }
Jamal_male = { Jamal }
Jamata_female = { Jamata }
Jamilah_female = { Jamilah }
Jankeh_female = { Jankeh }
Jatau_male = { Jatau }
Jatou_female = { Jatou }
Jibril_male = { Jibril }
Jojo_female = { Jojo }
Jojo_male = { Jojo }
Joma_female = { Joma }
Juka_female = { Juka }
Jukwu_male = { Jukwu }
Jummai_female = { Jummai }
Kaakyire_female = { Kaakyire }
Kabayao_male = { Kabayao }
Kabayo_male = { Kabayo }
Kabe_male = { Kabe }
Kadi_female = { Kadi }
Kado_male = { Kado }
Kafia_male = { Kafia }
Kaiandokht_female = { Kaiandokht }
Kaka_female = { Kaka }
Kakra_female = { Kakra }
Kalabi_male = { Kalabi }
Kals_male = { Kals }
Kambine_male = { Kambine }
Kamil_male = { Kamil }
Kamu_female = { Kamu }
Kanafa_male = { Kanafa }
Kanajeji_male = { Kanajeji }
Kanbu_male = { Kanbu }
Kandala_male = { Kandala }
Kani_male = { Kani }
Kankan_male = { Kankan }
Kankou_female = { Kankou }
Kanku_male = { Kanku }
Kano_male = { Kano }
Kanse_female = { Kanse }
Kante__male = { Kante_ }
Karay_male = { Karay }
Karbagari_male = { Karbagari }
Kareem_male = { Kareem }
Karima_female = { Karima }
Kassa_male = { Kassa }
Kassei__male = { Kassei_ }
Kati_female = { Kati }
Katiya_male = { Katiya }
Katsina_male = { Katsina }
Kaya_male = { Kaya }
Kaygushtasp_male = { Kaygushtasp }
Kayna_male = { Kayna }
Kayras_male = { Kayras }
Keera_female = { Keera }
Keherafrid_female = { Keherafrid }
Kei_ta_male = { Kei_ta }
Keita_male = { Keita }
Kessie_female = { Kessie }
Keyah_female = { Keyah }
Khadija_female = { Khadija }
Khadijah_female = { Khadijah }
Khadijatu_female = { Khadijatu }
Khalifa_male = { Khalifa }
Khalifah_male = { Khalifah }
Khalila_female = { Khalila }
Khamees_female = { Khamees }
Khamisa_female = { Khamisa }
Khashayar_male = { Khashayar }
Khojassteh_female = { Khojassteh }
Khosrow_male = { Khosrow }
Khurshid_male = { Khurshid }
Khushnavaz_male = { Khushnavaz }
Kian_male = { Kian }
Kili_female = { Kili }
Kilia_female = { Kilia }
Kimi_male = { Kimi }
Kinba_male = { Kinba }
Kinge_female = { Kinge }
Kinji_female = { Kinji }
Kinkin_male = { Kinkin }
Kinti_female = { Kinti }
Kisha_male = { Kisha }
Kisoki_male = { Kisoki }
Koba_female = { Koba }
Kobba_female = { Kobba }
Kobby_male = { Kobby }
Kobena_male = { Kobena }
Kobi_male = { Kobi }
Kobina_male = { Kobina }
Kodama_male = { Kodama }
Kodjo_male = { Kodjo }
Koffi_male = { Koffi }
Kofi_male = { Kofi }
Koi_ze__male = { Koi_ze_ }
Kojo_male = { Kojo }
Kolonkan_female = { Kolonkan }
Komla_male = { Komla }
Komlan_male = { Komlan }
Konate__male = { Konate_ }
Kontar_male = { Kontar }
Korau_male = { Korau }
Kosi_male = { Kosi }
Kossi_male = { Kossi }
Koukiya_male = { Koukiya }
Kow_male = { Kow }
Kubra_female = { Kubra }
Kukuna_male = { Kukuna }
Kukura_male = { Kukura }
Kukuray_male = { Kukuray }
Kumay_male = { Kumay }
Kumba_female = { Kumba }
Kumbari_male = { Kumbari }
Kunda_female = { Kunda }
Kunto_female = { Kunto }
Kurfuru_female = { Kurfuru }
Kurukemeh_female = { Kurukemeh }
Kusoy_male = { Kusoy }
Kusur_male = { Kusur }
Kuta_female = { Kuta }
Kutu_female = { Kutu }
Kwabena_male = { Kwabena }
Kwadwo_male = { Kwadwo }
Kwaku_male = { Kwaku }
Kwame_male = { Kwame }
Kwasi_male = { Kwasi }
Kwasiba_female = { Kwasiba }
Kwaw_male = { Kwaw }
Kweku_male = { Kweku }
Kwesi_male = { Kwesi }
Kwodwo_male = { Kwodwo }
Kyere_male = { Kyere }
Ladi_female = { Ladi }
Ladie_female = { Ladie }
Ladie_male = { Ladie }
Lahilatoul_male = { Lahilatoul }
Lahiltoul_male = { Lahiltoul }
Lami_female = { Lami }
Lantana_female = { Lantana }
Laraba_female = { Laraba }
Larai_female = { Larai }
Latifah_female = { Latifah }
Layla_female = { Layla }
Lemine_male = { Lemine }
Lina_female = { Lina }
Lisha_female = { Lisha }
Lorane_female = { Lorane }
Lubabah_female = { Lubabah }
M_Bali_male = { M_Bali }
Maammarou_male = { Maammarou }
Maanu_female = { Maanu }
Madao_male = { Madao }
Magajiya_female = { Magajiya }
Magan_male = { Magan }
Magaram_female = { Magaram }
Maghan_male = { Maghan }
Maghann_male = { Maghann }
Magira_female = { Magira }
Mahdi_male = { Mahdi }
Mahmoud_male = { Mahmoud }
Mahmud_male = { Mahmud }
Mahta_female = { Mahta }
Maimuna_female = { Maimuna }
Majan_male = { Majan }
Makuto_female = { Makuto }
Malam_male = { Malam }
Malick_male = { Malick }
Malika_female = { Malika }
Malla_male = { Malla }
Mamadi_male = { Mamadi }
Mamoudou_male = { Mamoudou }
Manding_Bory_male = { Manding_Bory }
Manding_male = { Manding }
Mansa_female = { Mansa }
Mansur_male = { Mansur }
Mansurah_female = { Mansurah }
Manu_male = { Manu }
Maram_female = { Maram }
Marang_female = { Marang }
Mari_Djata_male = { Mari_Djata }
Mari_male = { Mari }
Mariam_female = { Mariam }
Mariama_female = { Mariama }
Marka_female = { Marka }
Marmar_female = { Marmar }
Maryam_female = { Maryam }
Massahoud_male = { Massahoud }
May_roumfa_male = { May_roumfa }
Mayan_male = { Mayan }
Mayroumfa_male = { Mayroumfa }
Mbasi_female = { Mbasi }
Mboose_female = { Mboose }
Med_male = { Med }
Meherak_male = { Meherak }
Mehrdad_male = { Mehrdad }
Mfagba_female = { Mfagba }
Mfagboye_female = { Mfagboye }
Mina_female = { Mina }
Minkah_male = { Minkah }
Missi_Ize__male = { Missi_Ize_ }
Mohammed_male = { Mohammed }
Mona_female = { Mona }
Morobani_male = { Morobani }
Morowa_female = { Morowa }
Muhammad_male = { Muhammad }
Muhsin_male = { Muhsin }
Musa_male = { Musa }
Mustafa_male = { Mustafa }
Nabil_male = { Nabil }
Nabilah_female = { Nabilah }
Nadia_female = { Nadia }
Nafata_male = { Nafata }
Nafisah_female = { Nafisah }
Nafissa_female = { Nafissa }
Naguji_male = { Naguji }
Naimah_female = { Naimah }
Namandje__female = { Namandje_ }
Namiss_female = { Namiss }
Nana_female = { Nana }
Nare__male = { Nare_ }
Nasir_male = { Nasir }
Nawata_male = { Nawata }
Nazaki_male = { Nazaki }
Ndele_male = { Ndele }
Nderi_female = { Nderi }
Nene_male = { Nene }
Nevazar_male = { Nevazar }
Nikou_female = { Nikou }
Nintasanay_male = { Nintasanay }
Nkegba_male = { Nkegba }
Nkejo_female = { Nkejo }
Nkroma_female = { Nkroma }
Nkruma_male = { Nkruma }
Nkuchoyo_female = { Nkuchoyo }
Nohir_male = { Nohir }
Nomau_male = { Nomau }
Noushzad_male = { Noushzad }
Nsia_male = { Nsia }
Nsonowa_male = { Nsonowa }
Nsowaa_female = { Nsowaa }
Ntonni_male = { Ntonni }
Nuh_male = { Nuh }
Nwola_male = { Nwola }
Nwose_male = { Nwose }
Nwuse_male = { Nwuse }
Nyima_female = { Nyima }
Nyonkoling_female = { Nyonkoling }
Obeh_female = { Obeh }
Obeh_male = { Obeh }
Obian_male = { Obian }
Obiang_female = { Obiang }
Obim_female = { Obim }
Oblim_male = { Oblim }
Ogun_male = { Ogun }
Ogyam_male = { Ogyam }
Ojun_male = { Ojun }
Okim_male = { Okim }
Okoto_male = { Okoto }
Okun_male = { Okun }
Okyin_male = { Okyin }
Olah_male = { Olah }
Olan_male = { Olan }
Olang_female = { Olang }
Oloh_male = { Oloh }
Olol_male = { Olol }
Osei_male = { Osei }
Osen_female = { Osen }
Oseng_male = { Oseng }
Otseh_male = { Otseh }
Otsen_female = { Otsen }
Otseng_female = { Otseng }
Ouabang_male = { Ouabang }
Ouali_male = { Ouali }
Ouankoy__male = { Ouankoy_ }
Ouati_male = { Ouati }
Ougbun_male = { Ougbun }
Ounnun_female = { Ounnun }
Owol_male = { Owol }
Owun_female = { Owun }
Owun_male = { Owun }
Owusu_male = { Owusu }
Owusuwao_male = { Owusuwao }
Owux_female = { Owux }
Owux_male = { Owux }
Oyedeh_male = { Oyedeh }
Oyegbux_female = { Oyegbux }
Panyin_female = { Panyin }
Papis_male = { Papis }
Pereko_male = { Pereko }
Peterasp_male = { Peterasp }
Pujman_male = { Pujman }
Rabiah_female = { Rabiah }
Raham_male = { Raham }
Rahid_male = { Rahid }
Rahmah_female = { Rahmah }
Rano_male = { Rano }
Rasa_female = { Rasa }
Rashida_female = { Rashida }
Rashidah_female = { Rashidah }
Rashidi_male = { Rashidi }
Ravan_female = { Ravan }
Reidja_male = { Reidja }
Rumfa_male = { Rumfa }
Ruqayyah_female = { Ruqayyah }
Ruzbeh_male = { Ruzbeh }
Safiatou_female = { Safiatou }
Safiyah_female = { Safiyah }
Sagmandia_male = { Sagmandia }
Said_male = { Said }
Saidou_male = { Saidou }
Sakinah_female = { Sakinah }
Sakoura_male = { Sakoura }
Sakura_male = { Sakura }
Salah_male = { Salah }
Salim_male = { Salim }
Salimah_female = { Salimah }
Salimata_female = { Salimata }
Salman_male = { Salman }
Samba_male = { Samba }
Sambo_male = { Sambo }
Samirah_female = { Samirah }
Samsou_Be_ri_male = { Samsou_Be_ri }
Samsou_Kei_na_male = { Samsou_Kei_na }
Sana_female = { Sana }
Sandaki_male = { Sandaki }
Sandamata_female = { Sandamata }
Sanji_female = { Sanji }
Sarafraz_female = { Sarafraz }
Sassouma_female = { Sassouma }
Satang_female = { Satang }
Satou_female = { Satou }
Shadia_female = { Shadia }
Shahada_male = { Shahada }
Shahak_male = { Shahak }
Shaheen_female = { Shaheen }
Shahrdad_male = { Shahrdad }
Shahzad_male = { Shahzad }
Shakira_female = { Shakira }
Sharef_male = { Sharef }
Shashere_male = { Shashere }
Shata_female = { Shata }
Shawata_female = { Shawata }
Shekarau_male = { Shekarau }
Shidasp_male = { Shidasp }
Shinyunbu_male = { Shinyunbu }
Shirin_female = { Shirin }
Shukriyah_female = { Shukriyah }
Siamak_male = { Siamak }
Sibo_female = { Sibo }
Sidamed_male = { Sidamed }
Sidi_male = { Sidi }
Sidibe__female = { Sidibe_ }
Siisi_male = { Siisi }
Silman_male = { Silman }
Simindokht_female = { Simindokht }
Siya_female = { Siya }
Skali_male = { Skali }
Sogolon_female = { Sogolon }
Sonni_male = { Sonni }
Souleyman_male = { Souleyman }
Soumaba_male = { Soumaba }
Soumaoro_male = { Soumaoro }
Soundiata_male = { Soundiata }
Soyaki_male = { Soyaki }
Spityur_male = { Spityur }
Sukai_female = { Sukai }
Sulayman_male = { Sulayman }
Suleiman_male = { Suleiman }
Suleyman_male = { Suleyman }
Sumayyah_female = { Sumayyah }
Sundiata_male = { Sundiata }
Sunkarr_female = { Sunkarr }
Tagnogokelin_male = { Tagnogokelin }
Tahir_male = { Tahir }
Takoi_male = { Takoi }
Talatu_female = { Talatu }
Tanimu_male = { Tanimu }
Tanko_male = { Tanko }
Tano_male = { Tano }
Tekhaye_female = { Tekhaye }
Temulji_male = { Temulji }
Thema_female = { Thema }
Thiam_male = { Thiam }
Thrity_female = { Thrity }
Tib_male = { Tib }
Tigran_male = { Tigran }
Titi_female = { Titi }
Tola_male = { Tola }
Tomaring_female = { Tomaring }
Tomo_male = { Tomo }
Touca_female = { Touca }
Touman_male = { Touman }
Toumani_male = { Toumani }
Tsamiya_male = { Tsamiya }
Tsaraki_male = { Tsaraki }
Tunka_male = { Tunka }
Turunku_female = { Turunku }
Uban_male = { Uban }
Ucheah_male = { Ucheah }
Ukeh_female = { Ukeh }
Uli_male = { Uli }
Umar_male = { Umar }
Umaru_male = { Umaru }
Unin_female = { Unin }
Unjoh_male = { Unjoh }
Usian_female = { Usian }
Usien_male = { Usien }
Usman_male = { Usman }
Usun_female = { Usun }
Vishtaspa_male = { Vishtaspa }
Wahida_female = { Wahida }
Wali_male = { Wali }
Walzama_female = { Walzama }
Warisi_male = { Warisi }
Wati_male = { Wati }
Wejad_male = { Wejad }
Yaa_female = { Yaa }
Yaaba_female = { Yaaba }
Yaba_male = { Yaba }
Yahya_male = { Yahya }
Yaji_male = { Yaji }
Yakubu_male = { Yakubu }
Yakufu_male = { Yakufu }
Yakumo_female = { Yakumo }
Yama_male = { Yama }
Yamma_female = { Yamma }
Yamusa_male = { Yamusa }
Yanbamu_female = { Yanbamu }
Yankoi_male = { Yankoi }
Yann_male = { Yann }
Yao_male = { Yao }
Yaqub_male = { Yaqub }
Yasiboy_male = { Yasiboy }
Yasmin_female = { Yasmin }
Yaw_male = { Yaw }
Yawo_male = { Yawo }
Yazdandad_male = { Yazdandad }
Yazdin_female = { Yazdin }
Yazdindokht_female = { Yazdindokht }
Yero_male = { Yero }
Yohance_male = { Yohance }
Yohanna_male = { Yohanna }
Yomho_male = { Yomho }
Yoofi_male = { Yoofi }
Youma_female = { Youma }
Yukuna_female = { Yukuna }
Yuma_male = { Yuma }
Yunfa_male = { Yunfa }
Yunusa_male = { Yunusa }
Yusa_male = { Yusa }
Yusuf_male = { Yusuf }
Zacharie_male = { Zacharie }
Zadsparam_male = { Zadsparam }
Zahrah_female = { Zahrah }
Zainab_female = { Zainab }
Zaki_male = { Zaki }
Zakiyyah_female = { Zakiyyah }
Zakoi_male = { Zakoi }
Zalil_male = { Zalil }
Zama_female = { Zama }
Zaria_male = { Zaria }
Zaytun_female = { Zaytun }
Zei_nab_female = { Zei_nab }
Zeina_female = { Zeina }
Zenku_male = { Zenku }
Zubaydah_female = { Zubaydah }
Zunku_male = { Zunku }