Abdi_Arah_male = { Abdi_Arah }
Adad_Zur_male = { Adad_Zur }
Adar_Malik_male = { Adar_Malik }
Ahuni_Zur_male = { Ahuni_Zur }
Akalamdug_male = { Akalamdug }
Akurduana_male = { Akurduana }
Alam_male = { Alam }
Allatu_Zur_male = { Allatu_Zur }
Amarezen_male = { Amarezen }
Amempsin_male = { Amempsin }
Amurum_male = { Amurum }
Anagalmeshshu_male = { Anagalmeshshu }
Antikusu_male = { Antikusu }
Anunit_male = { Anunit }
Anunnaki_male = { Anunnaki }
Apil_Sin_male = { Apil_Sin }
Apla_Usur_male = { Apla_Usur }
Aplaa_Zur_male = { Aplaa_Zur }
Appan_Il_male = { Appan_Il }
Aradlugal_male = { Aradlugal }
Arahunaa_male = { Arahunaa }
Aralu_male = { Aralu }
Arishaka_male = { Arishaka }
Arshaka_male = { Arshaka }
Arwia_male = { Arwia }
Ashi_Qurud_male = { Ashi_Qurud }
Attikusu_male = { Attikusu }
Awil_Nannar_male = { Awil_Nannar }
Ayar_Ilum_male = { Ayar_Ilum }
Baassia_male = { Baassia }
Bakshishum_male = { Bakshishum }
Bau_male = { Bau }
Bel_Samu_male = { Bel_Samu }
Belbalidina_male = { Belbalidina }
Belessunu_male = { Belessunu }
Beletsunu_male = { Beletsunu }
Belibni_male = { Belibni }
Belili_male = { Belili }
Belit_Sheri_male = { Belit_Sheri }
Belshunu_male = { Belshunu }
Buvalu_male = { Buvalu }
Buzur_male = { Buzur }
Chinzirus_male = { Chinzirus }
Dadanum_male = { Dadanum }
Dakuri_male = { Dakuri }
Damkina_male = { Damkina }
Damuzi_male = { Damuzi }
Davcina_male = { Davcina }
Deemuukratee_male = { Deemuukratee }
Demetheria_male = { Demetheria }
Dimeritia_male = { Dimeritia }
Dipaani_male = { Dipaani }
Ditanu_male = { Ditanu }
Drezzar_male = { Drezzar }
Ea_Nasir_male = { Ea_Nasir }
Eikuppi_Adad_male = { Eikuppi_Adad }
Ellat_Gula_male = { Ellat_Gula }
Endukagga_male = { Endukagga }
Enki_Zur_male = { Enki_Zur }
Ennugi_Zur_male = { Ennugi_Zur }
Etana_male = { Etana }
Etel_Pisha_male = { Etel_Pisha }
Gallamta_Uddua_male = { Gallamta_Uddua }
Gamelat_male = { Gamelat }
Gandas_male = { Gandas }
Gina_male = { Gina }
Gula_Zur_male = { Gula_Zur }
Gungunum_male = { Gungunum }
Hea_Mukin_Zira_male = { Hea_Mukin_Zira }
Humusi_male = { Humusi }
Humwawa_male = { Humwawa }
Huttupum_male = { Huttupum }
Ibbi_Suen_male = { Ibbi_Suen }
Ibilsin_male = { Ibilsin }
Ibni_Amurru_male = { Ibni_Amurru }
Iddin_Enlil_male = { Iddin_Enlil }
Ikuppi_Adad_male = { Ikuppi_Adad }
Ilu_male = { Ilu }
Imgua_male = { Imgua }
Imi_male = { Imi }
Immertum_male = { Immertum }
Inbusha_male = { Inbusha }
Irib_Bin_male = { Irib_Bin }
Ishkibal_male = { Ishkibal }
Ishum_male = { Ishum }
Itti_Balatu_male = { Itti_Balatu }
Khamourabi_male = { Khamourabi }
Kir_Shamash_male = { Kir_Shamash }
Kishar_Zur_male = { Kishar_Zur }
Ku_Ningal_male = { Ku_Ningal }
Kudiya_male = { Kudiya }
Kudurri_Usur_male = { Kudurri_Usur }
Kug_Bau_male = { Kug_Bau }
Kuri_male = { Kuri }
Lakhmu_male = { Lakhmu }
Lidan_Gula_male = { Lidan_Gula }
Lilith_male = { Lilith }
Lu_Enlila_male = { Lu_Enlila }
Lu_Shalim_male = { Lu_Shalim }
Maruduk_male = { Maruduk }
Melamkurkurra_male = { Melamkurkurra }
Melem_Ana_male = { Melem_Ana }
Merodak_Mu_Basa_male = { Merodak_Mu_Basa }
Mesanepada_male = { Mesanepada }
Mesh_He_male = { Mesh_He }
Mot_male = { Mot }
Mu_Sal_Lim_male = { Mu_Sal_Lim }
Mupallidat_Serua_male = { Mupallidat_Serua }
Nabonidus_male = { Nabonidus }
Nabu_male = { Nabu }
Nabu_Kullani_male = { Nabu_Kullani }
Nabu_Usur_male = { Nabu_Usur }
Nabu_Zur_male = { Nabu_Zur }
Nabua_male = { Nabua }
Nahid_Maruduk_male = { Nahid_Maruduk }
Nammahani_male = { Nammahani }
Namtar_male = { Namtar }
Namzu_male = { Namzu }
Nana_male = { Nana }
Naram_Sin_male = { Naram_Sin }
Nebucha_male = { Nebucha }
Nergal_Edir_male = { Nergal_Edir }
Nidintu_male = { Nidintu }
Nidintulugal_male = { Nidintulugal }
Nin_Ridu_male = { Nin_Ridu }
Nindukugga_male = { Nindukugga }
Ninsunu_male = { Ninsunu }
Ninurta_male = { Ninurta }
Nur_Ishtar_male = { Nur_Ishtar }
Nurval_male = { Nurval }
Puabi_Zur_male = { Puabi_Zur }
Pushu_Ken_male = { Pushu_Ken }
Qisht_Ea_male = { Qisht_Ea }
Ramman_male = { Ramman }
Ripaa_male = { Ripaa }
Rish_Shamash_male = { Rish_Shamash }
Sa_Di_Rabi_male = { Sa_Di_Rabi }
Sagil_Zimu_male = { Sagil_Zimu }
Samium_male = { Samium }
Sangasu_male = { Sangasu }
Sar_Tuda_male = { Sar_Tuda }
Sarkimuna_male = { Sarkimuna }
Ses_Kalla_male = { Ses_Kalla }
Shala_Zur_male = { Shala_Zur }
Shamash_Hazir_male = { Shamash_Hazir }
Shapik_Zeri_male = { Shapik_Zeri }
Sharrum_Iter_male = { Sharrum_Iter }
Shu_Suen_male = { Shu_Suen }
Shuma_Iddin_male = { Shuma_Iddin }
Siduri_male = { Siduri }
Sig_Ersetim_male = { Sig_Ersetim }
Simti_Sil_Hak_male = { Simti_Sil_Hak }
Sin_Eribam_male = { Sin_Eribam }
Sin_Gamil_male = { Sin_Gamil }
Sin_Kashid_male = { Sin_Kashid }
Sin_Muballit_male = { Sin_Muballit }
Sin_Nasir_male = { Sin_Nasir }
Tabni_Ishar_male = { Tabni_Ishar }
Tiamat_male = { Tiamat }
Ubalnu_male = { Ubalnu }
Ubara_Tutu_male = { Ubara_Tutu }
Udama_male = { Udama }
Ugazum_male = { Ugazum }
Ur_Shulpae_male = { Ur_Shulpae }
Ur_Zigurumas_male = { Ur_Zigurumas }
Uras_male = { Uras }
Urhamsi_male = { Urhamsi }
Usi_Watar_male = { Usi_Watar }
Utuaa_Zur_male = { Utuaa_Zur }
Va_Anna_male = { Va_Anna }
Warad_Sin_male = { Warad_Sin }
Yadidatum_male = { Yadidatum }
Yarlaganda_male = { Yarlaganda }
Yasmah_Addu_male = { Yasmah_Addu }
Zababa_male = { Zababa }
Zaidu_Zur_male = { Zaidu_Zur }
Zirratbanit_male = { Zirratbanit }
Zummabu_male = { Zummabu }
