A_llorlleph_male = { A_llorlleph }
Abifaer_male = { Abifaer }
Abimuse_male = { Abimuse }
Abiraz_male = { Abiraz }
Abrereah_male = { Abrereah }
Acerbus_male = { Acerbus }
Aedeb_male = { Aedeb }
Ahnusty_male = { Ahnusty }
Ahruthal_male = { Ahruthal }
Alphax_male = { Alphax }
Amaznimur_male = { Amaznimur }
Amnot_male = { Amnot }
Anamora_male = { Anamora }
Angra_male = { Angra }
Antaraz_male = { Antaraz }
Apelax_male = { Apelax }
Arakei_male = { Arakei }
Arakiz_male = { Arakiz }
Arareah_male = { Arareah }
Arhinu_male = { Arhinu }
Asrane_male = { Asrane }
Azumor_male = { Azumor }
Bagone_male = { Bagone }
Balarique_male = { Balarique }
Bale_male = { Bale }
Baltaphus_male = { Baltaphus }
Barbamus_male = { Barbamus }
Barban_male = { Barban }
Barbathal_male = { Barbathal }
Bbo_Yig_male = { Bbo_Yig }
Be_lakor_male = { Be_lakor }
Beldi_gah_male = { Beldi_gah }
Berozar_male = { Berozar }
Bhab_Shotl_male = { Bhab_Shotl }
Boke_Somal_male = { Boke_Somal }
Bossanza_male = { Bossanza }
Bothuatha_male = { Bothuatha }
Brunok_male = { Brunok }
Buldarion_male = { Buldarion }
Caritriesh_male = { Caritriesh }
Chesdash_male = { Chesdash }
Chesmex_male = { Chesmex }
Chestrix_male = { Chestrix }
Chig_Kiggamat_male = { Chig_Kiggamat }
Cthugu_male = { Cthugu }
Cyagthall_male = { Cyagthall }
Devgenn_male = { Devgenn }
Dhactu_male = { Dhactu }
Dhar_leth_male = { Dhar_leth }
Divbhox_male = { Divbhox }
Divrenne_male = { Divrenne }
Divruse_male = { Divruse }
Drachruman_male = { Drachruman }
Dykiz_male = { Dykiz }
Dymine_male = { Dymine }
Dyrah_male = { Dyrah }
Eggoggh_male = { Eggoggh }
Egneitharll_male = { Egneitharll }
Eha_Hatha_male = { Eha_Hatha }
Ehlothan_male = { Ehlothan }
Ehoons_male = { Ehoons }
Ehuatn_male = { Ehuatn }
Ekenth_male = { Ekenth }
Elak_male = { Elak }
Elpaas_male = { Elpaas }
Elygrine_male = { Elygrine }
Eneriyes_male = { Eneriyes }
Enpaop_male = { Enpaop }
Estastyxe_male = { Estastyxe }
Estathia_male = { Estathia }
Estothor_male = { Estothor }
Falk_male = { Falk }
Far_loth_male = { Far_loth }
Farlek_male = { Farlek }
Festerghast_male = { Festerghast }
Fihrrith_male = { Fihrrith }
Furah_male = { Furah }
G_ellg_aar_male = { G_ellg_aar }
Garadred_male = { Garadred }
Gayaroze_male = { Gayaroze }
Ggn_alome_male = { Ggn_alome }
Ggothaelo_male = { Ggothaelo }
Ghugg_Hazha_male = { Ghugg_Hazha }
Gira_phis_male = { Gira_phis }
Giraz_male = { Giraz }
Goul_ryon_male = { Goul_ryon }
Gralastyx_male = { Gralastyx }
Grazabar_male = { Grazabar }
Grisastyxe_male = { Grisastyxe }
Gya_Tha_male = { Gya_Tha }
Helariyes_male = { Helariyes }
Hezdarah_male = { Hezdarah }
Hezfar_male = { Hezfar }
Hezsou_male = { Hezsou }
Hluposam_male = { Hluposam }
Hogorst_male = { Hogorst }
Hou_palos_male = { Hou_palos }
Iantharau_male = { Iantharau }
Igal_male = { Igal }
Ihudath_male = { Ihudath }
Ingegash_male = { Ingegash }
Ingerith_male = { Ingerith }
Ingethel_male = { Ingethel }
Ingutrax_male = { Ingutrax }
Jibar_male = { Jibar }
Juragaer_male = { Juragaer }
Juranu_male = { Juranu }
Ka_astellck_male = { Ka_astellck }
Kaarja_male = { Kaarja }
Kas_male = { Kas }
Kassorolath_male = { Kassorolath }
Kazrulak_male = { Kazrulak }
Kelbine_male = { Kelbine }
Kelbor_Hal_male = { Kelbor_Hal }
Kelrilith_male = { Kelrilith }
Ker_ngar_male = { Ker_ngar }
Kernax_male = { Kernax }
Khaadash_male = { Khaadash }
Khastur_male = { Khastur }
Khrel_male = { Khrel }
Khrythis_male = { Khrythis }
Kil_Oma_male = { Kil_Oma }
Kirroush_male = { Kirroush }
Kor_male = { Kor }
Kor_talor_male = { Kor_talor }
Kornabara_male = { Kornabara }
Kybar_male = { Kybar }
Kytrax_male = { Kytrax }
Lacabo_Aaz_male = { Lacabo_Aaz }
Lanahiel_male = { Lanahiel }
Lath_male = { Lath }
Latug_Epharll_male = { Latug_Epharll }
Lek_St_male = { Lek_St }
Lidresh_male = { Lidresh }
Lo_palos_male = { Lo_palos }
Logothug_male = { Logothug }
Lorgath_male = { Lorgath }
Lothont_Ygo_male = { Lothont_Ygo }
Lu_tzor_male = { Lu_tzor }
Lzsort_male = { Lzsort }
M_kar_male = { M_kar }
Mainyu_male = { Mainyu }
Malashe_male = { Malashe }
Maloq_male = { Maloq }
Malphas_male = { Malphas }
Maneon_male = { Maneon }
Maneuth_male = { Maneuth }
Matel_male = { Matel }
Mephi_gah_male = { Mephi_gah }
Mephigrine_male = { Mephigrine }
Mephiliz_male = { Mephiliz }
Mithatha_male = { Mithatha }
Mo_Mel_male = { Mo_Mel }
Moduk_male = { Moduk }
More_lumix_male = { More_lumix }
Moredresh_male = { Moredresh }
Nadzybar_male = { Nadzybar }
Neme_ryon_male = { Neme_ryon }
Nemeroth_male = { Nemeroth }
Niadar_male = { Niadar }
Nokad_male = { Nokad }
Nyo_Gnd_male = { Nyo_Gnd }
Ohtedeot_male = { Ohtedeot }
Olabbot_male = { Olabbot }
Ologolosha_male = { Ologolosha }
Omphupulax_male = { Omphupulax }
Onibine_male = { Onibine }
Onikha_male = { Onikha }
Oniruxa_male = { Oniruxa }
Onisiel_male = { Onisiel }
Oparlotae_male = { Oparlotae }
Ophudea_male = { Ophudea }
Ophukha_male = { Ophukha }
Oriax_male = { Oriax }
Otliskele_male = { Otliskele }
Pargetrax_male = { Pargetrax }
Pashahacael_male = { Pashahacael }
Passael_male = { Passael }
Pergegaer_male = { Pergegaer }
Pergethess_male = { Pergethess }
Periclitor_male = { Periclitor }
Peturbus_male = { Peturbus }
Phaloigo_male = { Phaloigo }
Phanacygg_male = { Phanacygg }
Pibess_male = { Pibess }
Pizara_male = { Pizara }
Quixos_male = { Quixos }
Qux_male = { Qux }
Ren_Sar_male = { Ren_Sar }
Rezmabme_male = { Rezmabme }
Risahetiel_male = { Risahetiel }
Rnam_Hura_male = { Rnam_Hura }
Rnig_Thugggo_male = { Rnig_Thugggo }
Rshothuateph_male = { Rshothuateph }
Rt_Rha_male = { Rt_Rha }
Rugorsk_male = { Rugorsk }
Ry_sax_male = { Ry_sax }
Ryrhazi_male = { Ryrhazi }
S_othlagy_male = { S_othlagy }
Seklax_male = { Seklax }
Sephucian_male = { Sephucian }
Shaquaegg_male = { Shaquaegg }
Shiliz_male = { Shiliz }
Shiruxa_male = { Shiruxa }
Sholen_male = { Sholen }
Shoshas_male = { Shoshas }
Si_sax_male = { Si_sax }
Sin_male = { Sin }
Sindri_myr_male = { Sindri_myr }
Sirer_male = { Sirer }
Skidarah_male = { Skidarah }
Skidine_male = { Skidine }
Sostakrn_male = { Sostakrn }
Sthubol_male = { Sthubol }
Tachoisate_male = { Tachoisate }
Telodiaz_male = { Telodiaz }
Terax_male = { Terax }
Thareon_male = { Thareon }
Thubbboth_male = { Thubbboth }
Thuthol_male = { Thuthol }
Titarax_male = { Titarax }
Tiyadell_male = { Tiyadell }
Tk_arr_quo_male = { Tk_arr_quo }
Tllolit_Kis_male = { Tllolit_Kis }
Turique_male = { Turique }
Ua_phothaiq_male = { Ua_phothaiq }
Ubhoth_Ichor_male = { Ubhoth_Ichor }
Uhsahaos_male = { Uhsahaos }
Ungoth_male = { Ungoth }
Urthok_male = { Urthok }
Varan_male = { Varan }
Varvile_male = { Varvile }
Voldorius_male = { Voldorius }
Votheer_male = { Votheer }
Xaphan_male = { Xaphan }
Xorgar_male = { Xorgar }
Yggak_Chab_male = { Yggak_Chab }
Ygug_male = { Ygug }
Z_nakrt_male = { Z_nakrt }
Zaban_male = { Zaban }
Zharhabot_male = { Zharhabot }
Zhogorndh_male = { Zhogorndh }
Zhurand_male = { Zhurand }
Zitusralael_male = { Zitusralael }
Zoe_lumix_male = { Zoe_lumix }
Zoerenne_male = { Zoerenne }
Zoerique_male = { Zoerique }
Zoerumine_male = { Zoerumine }
Zylek_male = { Zylek }
