Abhirama_male = { Abhirama }
Abraxis_male = { Abraxis }
Abredehk_male = { Abredehk }
Abreryn_male = { Abreryn }
Abyssa_male = { Abyssa }
Aesdhae_male = { Aesdhae }
Aesvelle_male = { Aesvelle }
Aezoreah_male = { Aezoreah }
Al_ohira_male = { Al_ohira }
Amadeo_male = { Amadeo }
Amin_hrith_male = { Amin_hrith }
Amnaich_male = { Amnaich }
Anbess_male = { Anbess }
Anguis_male = { Anguis }
Anthis_male = { Anthis }
Apollyon_male = { Apollyon }
Arhendros_male = { Arhendros }
Arhinihx_male = { Arhinihx }
Arqikeo_male = { Arqikeo }
Asteroth_male = { Asteroth }
Aurora_male = { Aurora }
Av_lyd_male = { Av_lyd }
Avas_syl_male = { Avas_syl }
Azazel_male = { Azazel }
Azu_ginn_male = { Azu_ginn }
Azusilix_male = { Azusilix }
Baessira_male = { Baessira }
Balzropht_male = { Balzropht }
Banu_male = { Banu }
Besnubaehra_male = { Besnubaehra }
Bhinaehr_male = { Bhinaehr }
Blissgiver_male = { Blissgiver }
Braskh_har_male = { Braskh_har }
Caduceia_male = { Caduceia }
Cariress_male = { Cariress }
Charybdia_male = { Charybdia }
Cherrenn_male = { Cherrenn }
Crehnmehra_male = { Crehnmehra }
Cri_orarae_male = { Cri_orarae }
Dehzaseos_male = { Dehzaseos }
Deii_sh_thuhl_male = { Deii_sh_thuhl }
Demagoye_male = { Demagoye }
Demetrius_male = { Demetrius }
Deravelle_male = { Deravelle }
Devine_male = { Devine }
Divtrix_male = { Divtrix }
Doomcaller_male = { Doomcaller }
Doomsinger_male = { Doomsinger }
Duboir_male = { Duboir }
Ekigone_male = { Ekigone }
El_ormirenne_male = { El_ormirenne }
El_orseos_male = { El_orseos }
Elanihx_male = { Elanihx }
Eleaxus_male = { Eleaxus }
Elyssar_sirath_male = { Elyssar_sirath }
Elystyxe_male = { Elystyxe }
Emeli_male = { Emeli }
Emmesh_Aiye_male = { Emmesh_Aiye }
Enebine_male = { Enebine }
Erazadera_male = { Erazadera }
Estanihx_male = { Estanihx }
Evenus_male = { Evenus }
Ezdell_male = { Ezdell }
Ezirgahne_male = { Ezirgahne }
Ezroze_male = { Ezroze }
Favian_male = { Favian }
Fernesh_male = { Fernesh }
Fihrresse_male = { Fihrresse }
Fulgra_male = { Fulgra }
Ga_srra_male = { Ga_srra }
Gahnuhia_male = { Gahnuhia }
Gi_gah_male = { Gi_gah }
Gidehk_male = { Gidehk }
Gigrinn_male = { Gigrinn }
Gleamling_male = { Gleamling }
Gorrannius_male = { Gorrannius }
Grihzamyss_male = { Grihzamyss }
Heladehk_male = { Heladehk }
Hemsk_male = { Hemsk }
Heresh_male = { Heresh }
Hex_tan_male = { Hex_tan }
Hexagalimere_male = { Hexagalimere }
Iazetarin_male = { Iazetarin }
Ingethall_male = { Ingethall }
Jihar_male = { Jihar }
K_alith_male = { K_alith }
Kadea_male = { Kadea }
Kaeradreos_male = { Kaeradreos }
Kaerasarihs_male = { Kaerasarihs }
Kaharhaedros_male = { Kaharhaedros }
Kahnatyhs_male = { Kahnatyhs }
Kalda_male = { Kalda }
Kanani_male = { Kanani }
Kehnahia_male = { Kehnahia }
Kelste_male = { Kelste }
Kez_lumix_male = { Kez_lumix }
Kezruxa_male = { Kezruxa }
Khelraesh_male = { Khelraesh }
Kihredhae_male = { Kihredhae }
Kirgrinn_male = { Kirgrinn }
Korna_lumix_male = { Korna_lumix }
Kornareah_male = { Kornareah }
Krysander_male = { Krysander }
Kyriss_male = { Kyriss }
Laer_male = { Laer }
Laerhdaque_male = { Laerhdaque }
Laesydra_male = { Laesydra }
Laezahira_male = { Laezahira }
Lash_male = { Lash }
Lashweaver_male = { Lashweaver }
Leonora_male = { Leonora }
Lesh_jae_thi_hah_male = { Lesh_jae_thi_hah }
Leshtrigell_male = { Leshtrigell }
Lilesh_male = { Lilesh }
Lirique_male = { Lirique }
Lohzaraesh_male = { Lohzaraesh }
Lornar_male = { Lornar }
Lothall_male = { Lothall }
Lustfury_male = { Lustfury }
Lux_male = { Lux }
Luxuria_male = { Luxuria }
Luxus_male = { Luxus }
Lyra_male = { Lyra }
Maerozhenne_male = { Maerozhenne }
Maestrich_male = { Maestrich }
Maestrich_Nova_male = { Maestrich_Nova }
Malyg_nyl_male = { Malyg_nyl }
Manushya_male = { Manushya }
Manushya_Rakshasi_male = { Manushya_Rakshasi }
Masque_male = { Masque }
Mehadaque_male = { Mehadaque }
Melancholia_male = { Melancholia }
Mero_ahia_male = { Mero_ahia }
Mero_arae_male = { Mero_arae }
Mesraheque_male = { Mesraheque }
Mihzasaer_male = { Mihzasaer }
Mindarus_male = { Mindarus }
N_kari_male = { N_kari }
Nashimel_male = { Nashimel }
Needletongue_male = { Needletongue }
Nihhilus_male = { Nihhilus }
Nova_male = { Nova }
Nyef_male = { Nyef }
Ophurane_male = { Ophurane }
Oros_male = { Oros }
Orutha_a_male = { Orutha_a }
Phophis_male = { Phophis }
Rakshasi_male = { Rakshasi }
Rhug_guari_ihlulan_male = { Rhug_guari_ihlulan }
Robellion_male = { Robellion }
Rolek_male = { Rolek }
Ryrenne_male = { Ryrenne }
Sapphire_male = { Sapphire }
Savill_male = { Savill }
Serena_male = { Serena }
Ses_tesh_male = { Ses_tesh }
Shardenus_male = { Shardenus }
Shyak_male = { Shyak }
Silvershard_male = { Silvershard }
Ski_khas_male = { Ski_khas }
Skisty_male = { Skisty }
Slythiss_male = { Slythiss }
Snarelust_male = { Snarelust }
Spite_male = { Spite }
Split_Tongue_male = { Split_Tongue }
Sssair_male = { Sssair }
Tehamehra_male = { Tehamehra }
Tehasyrr_male = { Tehasyrr }
Telemar_male = { Telemar }
Tiyagenn_male = { Tiyagenn }
Tiyamora_male = { Tiyamora }
Tiyaxis_male = { Tiyaxis }
Turane_male = { Turane }
Unariyes_male = { Unariyes }
Uradex_male = { Uradex }
Uraless_male = { Uraless }
Vha_shaelhur_male = { Vha_shaelhur }
Violatrix_male = { Violatrix }
Volupus_male = { Volupus }
Vorarr_male = { Vorarr }
Xavaes_male = { Xavaes }
Yadine_male = { Yadine }
Ynathara_male = { Ynathara }
Yria_male = { Yria }
Yzirihque_male = { Yzirihque }
Zabhox_male = { Zabhox }
Zarakynel_male = { Zarakynel }
Zarghan_male = { Zarghan }
Zhan_naoshdaerg_gan_male = { Zhan_naoshdaerg_gan }
Zoenosa_male = { Zoenosa }
Zyneuth_male = { Zyneuth }
