A_rgath_male = { A_rgath }
Ae_nar_male = { Ae_nar }
Agrand_male = { Agrand }
Ak_cogu_thiou_euak_male = { Ak_cogu_thiou_euak }
Akashneth_male = { Akashneth }
Alnark_male = { Alnark }
An_ggrath_male = { An_ggrath }
An_kha_arak_male = { An_kha_arak }
Anak_male = { Anak }
Anakwanar_male = { Anakwanar }
Anarkh_ad_nron_male = { Anarkh_ad_nron }
Angrarr_male = { Angrarr }
Angron_male = { Angron }
Ar_hek_male = { Ar_hek }
Arbra_gax_male = { Arbra_gax }
Arguthrax_male = { Arguthrax }
Arkh_gar_male = { Arkh_gar }
Arkun_male = { Arkun }
Arvax_male = { Arvax }
Az_baramael_male = { Az_baramael }
Azar_male = { Azar }
B_zekk_male = { B_zekk }
Ba_ar_male = { Ba_ar }
Ba_ltor_male = { Ba_ltor }
Baaltar_male = { Baaltar }
Baktra_male = { Baktra }
Bangkul_male = { Bangkul }
Baranox_male = { Baranox }
Barkor_male = { Barkor }
Bazrak_male = { Bazrak }
Beelzat_male = { Beelzat }
Bennkor_male = { Bennkor }
Bloodspawn_male = { Bloodspawn }
C_tanel_male = { C_tanel }
Cairne_male = { Cairne }
Carron_male = { Carron }
Chanthar_male = { Chanthar }
Crull_male = { Crull }
Cruor_male = { Cruor }
Dharkallon_male = { Dharkallon }
Doombreed_male = { Doombreed }
Drakaasi_male = { Drakaasi }
Drakkar_male = { Drakkar }
E_karz_male = { E_karz }
Ekrak_male = { Ekrak }
Em_lon_male = { Em_lon }
Eres_male = { Eres }
Ezzarak_male = { Ezzarak }
Far_kaz_male = { Far_kaz }
Felfurion_male = { Felfurion }
Felkane_male = { Felkane }
Felkarn_male = { Felkarn }
Furion_male = { Furion }
Furok_male = { Furok }
G_ruhlk_male = { G_ruhlk }
Garr_rash_male = { Garr_rash }
Gaur_male = { Gaur }
Gha_kharax_male = { Gha_kharax }
Ghalabrax_male = { Ghalabrax }
Golgoth_male = { Golgoth }
Gore_male = { Gore }
Gorechild_male = { Gorechild }
Goreclaw_male = { Goreclaw }
Gorefather_male = { Gorefather }
Gorefist_male = { Gorefist }
Goreheart_male = { Goreheart }
Goremonger_male = { Goremonger }
Gorewhip_male = { Gorewhip }
Gorgon_male = { Gorgon }
Gorgoth_male = { Gorgoth }
Goroth_male = { Goroth }
Gruul_male = { Gruul }
Gzrel_male = { Gzrel }
H_gurhutk_male = { H_gurhutk }
Ha_klen_male = { Ha_klen }
Hak_vasha_male = { Hak_vasha }
Hakk_an_graah_male = { Hakk_an_graah }
Hazkar_anash_male = { Hazkar_anash }
Hellgriim_male = { Hellgriim }
Ironghast_male = { Ironghast }
It_krah_male = { It_krah }
K_zarak_era_male = { K_zarak_era }
Ka_bandha_male = { Ka_bandha }
Ka_jagga_nath_male = { Ka_jagga_nath }
Ka_naggar_zeroth_male = { Ka_naggar_zeroth }
Ka_shan_kha_male = { Ka_shan_kha }
Ka_tren_male = { Ka_tren }
Kar_nak_male = { Kar_nak }
Kar_nash_male = { Kar_nash }
Kar_nur_thuul_male = { Kar_nur_thuul }
Kar_voth_male = { Kar_voth }
Karanak_male = { Karanak }
Karnikhal_male = { Karnikhal }
Kastragar_male = { Kastragar }
Kathalon_male = { Kathalon }
Kaz_tral_male = { Kaz_tral }
Ke_haza_male = { Ke_haza }
Keraz_male = { Keraz }
Kh_arek_male = { Kh_arek }
Kha_Ak_Lash_male = { Kha_Ak_Lash }
Kha_Aksha_male = { Kha_Aksha }
Khalos_male = { Khalos }
Khargenthul_male = { Khargenthul }
Kharn_male = { Kharn }
Khartoth_male = { Khartoth }
Kheros_male = { Kheros }
Kho_ren_male = { Kho_ren }
Khorsen_male = { Khorsen }
Kinslayer_male = { Kinslayer }
Kir_Itz_male = { Kir_Itz }
Kor_agar_and_male = { Kor_agar_and }
Kossolax_male = { Kossolax }
Kr_athul_male = { Kr_athul }
Kraagon_male = { Kraagon }
Krage_male = { Krage }
Krakiota_male = { Krakiota }
Krangar_male = { Krangar }
Krannalax_male = { Krannalax }
Kranon_male = { Kranon }
Kreznk_male = { Kreznk }
Krieg_male = { Krieg }
Krieger_male = { Krieger }
Kroeger_male = { Kroeger }
Kruul_male = { Kruul }
Ku_gat_male = { Ku_gat }
Kur_zu_rak_male = { Kur_zu_rak }
Kytan_male = { Kytan }
Kzorgoth_male = { Kzorgoth }
Mahaur_male = { Mahaur }
Mailokh_male = { Mailokh }
Maim_male = { Maim }
Mal_ek_male = { Mal_ek }
Maladarr_male = { Maladarr }
Mar_tek_male = { Mar_tek }
Mardagg_male = { Mardagg }
Me_kt_han_male = { Me_kt_han }
Mel_nak_male = { Mel_nak }
Mig_read_male = { Mig_read }
Moarn_male = { Moarn }
N_alries_male = { N_alries }
N_kerri_male = { N_kerri }
N_kira_male = { N_kira }
Na_huk_male = { Na_huk }
Nai_eth_male = { Nai_eth }
Nar_kem_male = { Nar_kem }
Ne_hut_male = { Ne_hut }
No_rik_male = { No_rik }
Omphalos_male = { Omphalos }
P_aktar_male = { P_aktar }
Paz_rar_male = { Paz_rar }
Ra_nek_male = { Ra_nek }
Raksh_as_male = { Raksh_as }
Reavax_male = { Reavax }
Revellion_male = { Revellion }
Ri_nak_male = { Ri_nak }
Roghax_male = { Roghax }
Rulgor_male = { Rulgor }
Ruul_eth_male = { Ruul_eth }
Scorn_male = { Scorn }
Scyrak_male = { Scyrak }
Sek_male = { Sek }
Sevastus_male = { Sevastus }
Sh_karr_male = { Sh_karr }
Shazhn_oegtol_male = { Shazhn_oegtol }
Sholen_male = { Sholen }
Si_grat_male = { Si_grat }
Skallathrax_male = { Skallathrax }
Skara_male = { Skara }
Skarbrand_male = { Skarbrand }
Skarrbrand_male = { Skarrbrand }
Skchalick_male = { Skchalick }
Skulltaker_male = { Skulltaker }
Slaughterwing_male = { Slaughterwing }
Slayer_male = { Slayer }
Soulrender_male = { Soulrender }
Ss_ll_male = { Ss_ll }
Sundersword_male = { Sundersword }
T_argk_male = { T_argk }
T_ash_male = { T_ash }
T_gerak_male = { T_gerak }
Ta_ria_male = { Ta_ria }
Ta_rik_male = { Ta_rik }
Ta_ryon_male = { Ta_ryon }
Tallomin_male = { Tallomin }
Te_enar_male = { Te_enar }
Te_kle_male = { Te_kle }
Te_nar_male = { Te_nar }
Te_nka_male = { Te_nka }
Tellos_male = { Tellos }
Ty_ria_male = { Ty_ria }
Tz_aarkan_male = { Tz_aarkan }
Tz_akel_male = { Tz_akel }
Tz_anek_male = { Tz_anek }
Tz_ek_t_male = { Tz_ek_t }
Tz_kle_male = { Tz_kle }
Tzerkan_male = { Tzerkan }
Uk_zal_male = { Uk_zal }
Umbragg_male = { Umbragg }
Ur_gua_male = { Ur_gua }
Uraka_male = { Uraka }
Urkanthos_male = { Urkanthos }
Urkrathos_male = { Urkrathos }
Urlock_male = { Urlock }
Urr_rosh_male = { Urr_rosh }
Ut_lar_male = { Ut_lar }
Uzas_male = { Uzas }
Valk_male = { Valk }
Vangash_hagash_male = { Vangash_hagash }
Venalitor_male = { Venalitor }
Vor_hakk_male = { Vor_hakk }
Vorax_male = { Vorax }
Vrah_male = { Vrah }
Vrakk_male = { Vrakk }
Vrakkath_male = { Vrakkath }
Vrakkaz_male = { Vrakkaz }
Wrath_male = { Wrath }
Xurunt_male = { Xurunt }
Z_kara_male = { Z_kara }
Z_nekra_male = { Z_nekra }
Z_satrop_male = { Z_satrop }
Za_kar_male = { Za_kar }
Zabijak_male = { Zabijak }
Zakaraz_male = { Zakaraz }
Zar_nak_male = { Zar_nak }
Zar_zuul_male = { Zar_zuul }
Zarak_male = { Zarak }
Zarnaz_male = { Zarnaz }
Zarr_zuk_male = { Zarr_zuk }
Zazzarak_male = { Zazzarak }
Zhufor_male = { Zhufor }
Zu_ltan_male = { Zu_ltan }
Zu_rak_male = { Zu_rak }
Zul_male = { Zul }
Zur_thul_male = { Zur_thul }
