Abraxes_male = { Abraxes }
Aerphis_male = { Aerphis }
Aeshiron_male = { Aeshiron }
Aetaos_rau_keres_male = { Aetaos_rau_keres }
Ahzek_male = { Ahzek }
Akhor_male = { Akhor }
Akhor_menet_male = { Akhor_menet }
An_tzor_male = { An_tzor }
Anafaer_male = { Anafaer }
Armaqir_male = { Armaqir }
Arqaraes_male = { Arqaraes }
Arzobryn_male = { Arzobryn }
Arzogard_male = { Arzogard }
Arzoraes_male = { Arzoraes }
Arzoruin_male = { Arzoruin }
As_khas_male = { As_khas }
Asgash_male = { Asgash }
Ash_har_zzurek_male = { Ash_har_zzurek }
Asthis_male = { Asthis }
Atum_male = { Atum }
Atum_Sum_male = { Atum_Sum }
Azar_arrak_a_zor_male = { Azar_arrak_a_zor }
Baltathac_male = { Baltathac }
Bezhamea_male = { Bezhamea }
Bhrahia_male = { Bhrahia }
Biraheque_male = { Biraheque }
Braesnahr_male = { Braesnahr }
Brukos_male = { Brukos }
Buldagon_male = { Buldagon }
Buldaram_male = { Buldaram }
Caennaer_male = { Caennaer }
Chen_lumin_male = { Chen_lumin }
Corflich_male = { Corflich }
Crehngohne_male = { Crehngohne }
Crehnsaer_male = { Crehnsaer }
Crehnvelle_male = { Crehnvelle }
Cri_orarihque_male = { Cri_orarihque }
Dazavhar_male = { Dazavhar }
Demagar_male = { Demagar }
Derazhael_male = { Derazhael }
Dr_avgirrr_male = { Dr_avgirrr }
Dradovur_male = { Dradovur }
Drarior_male = { Drarior }
Draznaer_male = { Draznaer }
Drazriaq_male = { Drazriaq }
El_urmahr_male = { El_urmahr }
El_urmien_male = { El_urmien }
El_urmor_male = { El_urmor }
Elhe_eladrax_male = { Elhe_eladrax }
Erazagrynn_male = { Erazagrynn }
Estobire_male = { Estobire }
Estragon_male = { Estragon }
Evisser_male = { Evisser }
Ezgrath_male = { Ezgrath }
Fateweaver_male = { Fateweaver }
Feogrym_male = { Feogrym }
Fermorta_male = { Fermorta }
Festergan_male = { Festergan }
Fhakysse_male = { Fhakysse }
Fharsmoque_male = { Fharsmoque }
Fharsmor_male = { Fharsmor }
Firewyrm_male = { Firewyrm }
Fraeryq_male = { Fraeryq }
Furineus_male = { Furineus }
Furrak_male = { Furrak }
Ga_onsaros_male = { Ga_onsaros }
Ga_ontahr_male = { Ga_ontahr }
Ga_ontaz_male = { Ga_ontaz }
Gahubaehr_male = { Gahubaehr }
Gal_sax_male = { Gal_sax }
Galbas_male = { Galbas }
Garakzaral_male = { Garakzaral }
Garanyr_male = { Garanyr }
Ghargatuloth_male = { Ghargatuloth }
Graruin_male = { Graruin }
Grisarique_male = { Grisarique }
Guramaq_male = { Guramaq }
Guramoque_male = { Guramoque }
Guraqar_male = { Guraqar }
Gurasalax_male = { Gurasalax }
Halabire_male = { Halabire }
Hazriah_male = { Hazriah }
Hegoye_male = { Hegoye }
Helio_male = { Helio }
Hoapho_male = { Hoapho }
Id_arrad_male = { Id_arrad }
Irerenar_male = { Irerenar }
Isidorus_male = { Isidorus }
Ix_thar_ganix_male = { Ix_thar_ganix }
Iystiron_male = { Iystiron }
J_adu_male = { J_adu }
Jistix_male = { Jistix }
Jul_harr_xxen_male = { Jul_harr_xxen }
K_alseru_male = { K_alseru }
K_rix_xi_kra_male = { K_rix_xi_kra }
K_tzis_trix_a_tzar_male = { K_tzis_trix_a_tzar }
Kach_amet_male = { Kach_amet }
Kacha_Tar_male = { Kacha_Tar }
Kacian_male = { Kacian }
Kaerihz_male = { Kaerihz }
Kaetaz_male = { Kaetaz }
Kaha_sax_male = { Kaha_sax }
Kairos_male = { Kairos }
Kehnatarin_male = { Kehnatarin }
Kel_phis_male = { Kel_phis }
Kelk_azar_male = { Kelk_azar }
Kelkannis_male = { Kelkannis }
Kerrath_male = { Kerrath }
Kezdiaz_male = { Kezdiaz }
Khadekai_male = { Khadekai }
Khagarr_male = { Khagarr }
Khannaer_male = { Khannaer }
Khrove_male = { Khrove }
Kraan_male = { Kraan }
Krenogar_male = { Krenogar }
Krerax_male = { Krerax }
Kurzz_ak_male = { Kurzz_ak }
Kyrabryn_male = { Kyrabryn }
Laerhbraq_male = { Laerhbraq }
Lanukeri_male = { Lanukeri }
Lanuqinn_male = { Lanuqinn }
Lanuzae_male = { Lanuzae }
Loatheheart_male = { Loatheheart }
Lubar_male = { Lubar }
M_kachan_male = { M_kachan }
Malfallax_male = { Malfallax }
Marabas_male = { Marabas }
Marulak_male = { Marulak }
Mesrahira_male = { Mesrahira }
Mezadhar_male = { Mezadhar }
Mith_an_driarkh_male = { Mith_an_driarkh }
Mk_ell_male = { Mk_ell }
Morde_tira_male = { Morde_tira }
Mordeghai_male = { Mordeghai }
Morderass_male = { Morderass }
Muchryq_male = { Muchryq }
Muriraz_male = { Muriraz }
Mutatis_male = { Mutatis }
Mutatismutandis_male = { Mutatismutandis }
Myrath_male = { Myrath }
N_eemz_male = { N_eemz }
Nememorta_male = { Nememorta }
Oculus_male = { Oculus }
Omphulek_male = { Omphulek }
Oriqarizora_male = { Oriqarizora }
Oriqataena_male = { Oriqataena }
Ouraqir_male = { Ouraqir }
Ouratiron_male = { Ouratiron }
Ozugrath_male = { Ozugrath }
Paheli_male = { Paheli }
Paradox_male = { Paradox }
Phokulozortis_male = { Phokulozortis }
Raezazel_male = { Raezazel }
Rha_palos_male = { Rha_palos }
Rhiatrix_male = { Rhiatrix }
Rymora_male = { Rymora }
Rythess_male = { Rythess }
Sanakht_male = { Sanakht }
Sar_tir_male = { Sar_tir }
Sektoth_male = { Sektoth }
Sethselameth_male = { Sethselameth }
Sirrrussh_male = { Sirrrussh }
Skra_kalichaust_male = { Skra_kalichaust }
Skyrouth_male = { Skyrouth }
Soh_f_epok_male = { Soh_f_epok }
Soulpyre_male = { Soulpyre }
Sum_male = { Sum }
T_zzarkon_male = { T_zzarkon }
Tabadili_male = { Tabadili }
Tagadurin_male = { Tagadurin }
Tahdros_male = { Tahdros }
Tan_zur_rek_male = { Tan_zur_rek }
Tarkh_ax_male = { Tarkh_ax }
Taz_an_male = { Taz_an }
Temporia_male = { Temporia }
Tezabros_male = { Tezabros }
Tezavan_male = { Tezavan }
Tezavyn_male = { Tezavyn }
Ti_lath_male = { Ti_lath }
Tolbek_male = { Tolbek }
Toreus_male = { Toreus }
Trezhteque_male = { Trezhteque }
Tz_arrak_male = { Tz_arrak }
Tzaal_male = { Tzaal }
Tzaan_male = { Tzaan }
Tzar_male = { Tzar }
Tzax_lan_Tar_male = { Tzax_lan_Tar }
Tzen_char_male = { Tzen_char }
Tzenahk_male = { Tzenahk }
Tzirr_male = { Tzirr }
Urkamor_male = { Urkamor }
Uzthizarr_male = { Uzthizarr }
Vileheart_male = { Vileheart }
Vorchiss_male = { Vorchiss }
Vyrokan_male = { Vyrokan }
Xan_Tar_male = { Xan_Tar }
Xyn_goran_male = { Xyn_goran }
Yalashe_male = { Yalashe }
Yrabraq_male = { Yrabraq }
Yzigwyss_male = { Yzigwyss }
Yzunazar_male = { Yzunazar }
Zarathur_male = { Zarathur }
Zhobire_male = { Zhobire }
Zhu_ryon_male = { Zhu_ryon }
Zydash_male = { Zydash }
