Aakslendein_male = { Aakslendein }
Aazmahyolx_male = { Aazmahyolx }
Aazteymed_male = { Aazteymed }
Abraxuul_male = { Abraxuul }
Abyssos_male = { Abyssos }
Aeokus_male = { Aeokus }
Alaxtraza_male = { Alaxtraza }
Alebog_male = { Alebog }
Alibroth_male = { Alibroth }
Alihazar_male = { Alihazar }
Amaranth_male = { Amaranth }
Arkothazzar_male = { Arkothazzar }
Askaroth_male = { Askaroth }
Askook_male = { Askook }
Astarax_male = { Astarax }
Atharothar_male = { Atharothar }
Azgaramuul_male = { Azgaramuul }
Azzarimathuul_male = { Azzarimathuul }
Azzarimsyth_male = { Azzarimsyth }
Azzazzarath_male = { Azzazzarath }
Bagrax_male = { Bagrax }
Baprax_male = { Baprax }
Barthingaar_male = { Barthingaar }
Bassilth_male = { Bassilth }
Bastaruum_male = { Bastaruum }
Bayorth_male = { Bayorth }
Belbith_male = { Belbith }
Belbroth_male = { Belbroth }
Belmaroth_male = { Belmaroth }
Belzavur_male = { Belzavur }
Bergerclaw_male = { Bergerclaw }
Birroth_male = { Birroth }
Blackbrim_male = { Blackbrim }
Blomalog_male = { Blomalog }
Boralisaar_male = { Boralisaar }
Bracchus_male = { Bracchus }
Brarym_male = { Brarym }
Britkiimpraan_male = { Britkiimpraan }
Bromfeimnii_male = { Bromfeimnii }
Bubmir_male = { Bubmir }
Caelarath_male = { Caelarath }
Caelatharaz_male = { Caelatharaz }
Caerbroth_male = { Caerbroth }
Caerciar_male = { Caerciar }
Candaroth_male = { Candaroth }
Cauticaros_male = { Cauticaros }
Cauzithos_male = { Cauzithos }
Caztramarath_male = { Caztramarath }
Chaldam_male = { Chaldam }
Charathix_male = { Charathix }
Charax_male = { Charax }
Charazarix_male = { Charazarix }
Charimzaraz_male = { Charimzaraz }
Charisyth_male = { Charisyth }
Charizard_male = { Charizard }
Charmand_male = { Charmand }
Charzimuul_male = { Charzimuul }
Chelianth_male = { Chelianth }
Choratharam_male = { Choratharam }
Choratharaz_male = { Choratharaz }
Chorombruul_male = { Chorombruul }
Chromaroth_male = { Chromaroth }
Chronos_male = { Chronos }
Cirgan_male = { Cirgan }
Cofius_male = { Cofius }
Colrath_male = { Colrath }
Comaxxeris_male = { Comaxxeris }
Cordenth_male = { Cordenth }
Corvaruum_male = { Corvaruum }
Crisvyre_male = { Crisvyre }
Crokroch_male = { Crokroch }
Daalaambron_male = { Daalaambron }
Dagon_male = { Dagon }
Dahqahyolx_male = { Dahqahyolx }
Daingrathzaar_male = { Daingrathzaar }
Danghastwyrm_male = { Danghastwyrm }
Danzaranarix_male = { Danzaranarix }
Dargaranoth_male = { Dargaranoth }
Darilth_male = { Darilth }
Dathibra_male = { Dathibra }
Dawibruul_male = { Dawibruul }
Dawizaam_male = { Dawizaam }
Delgaruum_male = { Delgaruum }
Delpharos_male = { Delpharos }
Deltaraam_male = { Deltaraam }
Deraphalix_male = { Deraphalix }
Derion_male = { Derion }
Derphasia_male = { Derphasia }
Desparoth_male = { Desparoth }
Dethintax_male = { Dethintax }
Diindah_male = { Diindah }
Diiviiz_male = { Diiviiz }
Dlelgant_male = { Dlelgant }
Draflos_male = { Draflos }
Drakerrun_male = { Drakerrun }
Drakkarax_male = { Drakkarax }
Drakkaraz_male = { Drakkaraz }
Drakkonmunth_male = { Drakkonmunth }
Drastaxxarix_male = { Drastaxxarix }
Draugerix_male = { Draugerix }
Dravarax_male = { Dravarax }
Drisag_male = { Drisag }
Durazwyrm_male = { Durazwyrm }
Durtrin_male = { Durtrin }
Duumzar_male = { Duumzar }
Dwiindahwin_male = { Dwiindahwin }
Ekklozein_male = { Ekklozein }
Eldragnir_male = { Eldragnir }
Endragnar_male = { Endragnar }
Envinthagaar_male = { Envinthagaar }
Erikanus_male = { Erikanus }
Eshar_male = { Eshar }
Exxarasyth_male = { Exxarasyth }
Exxeroth_male = { Exxeroth }
Exxinthuul_male = { Exxinthuul }
Exxos_male = { Exxos }
Faaddreyqah_male = { Faaddreyqah }
Faadhindlun_male = { Faadhindlun }
Faerghull_male = { Faerghull }
Faerqull_male = { Faerqull }
Faesira_male = { Faesira }
Falzuum_male = { Falzuum }
Faraxxaskax_male = { Faraxxaskax }
Feimwuthwuld_male = { Feimwuthwuld }
Felloxorom_male = { Felloxorom }
Felsuwol_male = { Felsuwol }
Feros_male = { Feros }
Flasag_male = { Flasag }
Frolin_male = { Frolin }
Funmaar_male = { Funmaar }
Funtviinkaan_male = { Funtviinkaan }
Galagros_male = { Galagros }
Galakarond_male = { Galakarond }
Galrax_male = { Galrax }
Gargantuul_male = { Gargantuul }
Gargarantos_male = { Gargarantos }
Gargarntaraz_male = { Gargarntaraz }
Gargolasyth_male = { Gargolasyth }
Gargulrach_male = { Gargulrach }
Garnaith_male = { Garnaith }
Garzaruum_male = { Garzaruum }
Gastarothuum_male = { Gastarothuum }
Gauch_male = { Gauch }
Gaulgarachos_male = { Gaulgarachos }
Gaulzarach_male = { Gaulzarach }
Ghalaramax_male = { Ghalaramax }
Gharaloth_male = { Gharaloth }
Ghaster_male = { Ghaster }
Gholarox_male = { Gholarox }
Gholnaros_male = { Gholnaros }
Ghorlagal_male = { Ghorlagal }
Ginarth_male = { Ginarth }
Goldarclaw_male = { Goldarclaw }
Golmunlaat_male = { Golmunlaat }
Goltbron_male = { Goltbron }
Graugos_male = { Graugos }
Grifyire_male = { Grifyire }
Grindnaugaar_male = { Grindnaugaar }
Grobrodus_male = { Grobrodus }
Gronaarney_male = { Gronaarney }
Groqahfrin_male = { Groqahfrin }
Grosalath_male = { Grosalath }
Grungerclaw_male = { Grungerclaw }
Grungwyrm_male = { Grungwyrm }
Halagros_male = { Halagros }
Harathartraz_male = { Harathartraz }
Haraz_male = { Haraz }
Harzosiruul_male = { Harzosiruul }
Haxora_male = { Haxora }
Hellitharaam_male = { Hellitharaam }
Hezavur_male = { Hezavur }
Hihadur_male = { Hihadur }
Hirador_male = { Hirador }
Holthinwyr_male = { Holthinwyr }
Honderath_male = { Honderath }
Honeth_male = { Honeth }
Iberaxxikuul_male = { Iberaxxikuul }
Ichorath_male = { Ichorath }
Ikkerix_male = { Ikkerix }
Ikorathim_male = { Ikorathim }
Indescrine_male = { Indescrine }
Indorathuum_male = { Indorathuum }
Indraugnir_male = { Indraugnir }
Ingotharin_male = { Ingotharin }
Inioth_male = { Inioth }
Inmodain_male = { Inmodain }
Insidias_male = { Insidias }
Intharuum_male = { Intharuum }
Iorzavur_male = { Iorzavur }
Irlysira_male = { Irlysira }
Itharuum_male = { Itharuum }
Ixxarothuum_male = { Ixxarothuum }
Jaracheros_male = { Jaracheros }
Jaragros_male = { Jaragros }
Jarakat_male = { Jarakat }
Jaraxxarim_male = { Jaraxxarim }
Jaraxxis_male = { Jaraxxis }
Jarjurn_male = { Jarjurn }
Jarzainthuul_male = { Jarzainthuul }
Jergolzus_male = { Jergolzus }
Jesbirith_male = { Jesbirith }
Jinkris_male = { Jinkris }
Jooruth_male = { Jooruth }
Jorichuul_male = { Jorichuul }
Joxora_male = { Joxora }
Judrekzin_male = { Judrekzin }
Kacnar_male = { Kacnar }
Kalagaros_male = { Kalagaros }
Kalagros_male = { Kalagros }
Kaldraugnir_male = { Kaldraugnir }
Kalgalan_male = { Kalgalan }
Kallathrax_male = { Kallathrax }
Kamirth_male = { Kamirth }
Karagaraz_male = { Karagaraz }
Karagros_male = { Karagros }
Karagwyrm_male = { Karagwyrm }
Karaharath_male = { Karaharath }
Karakdrakk_male = { Karakdrakk }
Karakoruum_male = { Karakoruum }
Karatharuum_male = { Karatharuum }
Karax_male = { Karax }
Karazarix_male = { Karazarix }
Karazclad_male = { Karazclad }
Karazdrakk_male = { Karazdrakk }
Karazwyrm_male = { Karazwyrm }
Karvash_male = { Karvash }
Karvass_male = { Karvass }
Karzos_male = { Karzos }
Kastarazzarim_male = { Kastarazzarim }
Kastaruum_male = { Kastaruum }
Kastarzuul_male = { Kastarzuul }
Kayerith_male = { Kayerith }
Kazadwyrm_male = { Kazadwyrm }
Kazzarazum_male = { Kazzarazum }
Kelarth_male = { Kelarth }
Kellduumwyrm_male = { Kellduumwyrm }
Kelwuldzein_male = { Kelwuldzein }
Kenith_male = { Kenith }
Kerigos_male = { Kerigos }
Khaziddum_male = { Khaziddum }
Khazidrakk_male = { Khazidrakk }
Khazidwyrm_male = { Khazidwyrm }
Kilarth_male = { Kilarth }
Kilarthuul_male = { Kilarthuul }
Kilnaith_male = { Kilnaith }
Kilthinzaar_male = { Kilthinzaar }
Kodiizam_male = { Kodiizam }
Kolyassa_male = { Kolyassa }
Korialas_male = { Korialas }
Korrimtaraz_male = { Korrimtaraz }
Kovinth_male = { Kovinth }
Krennaar_male = { Krennaar }
Krinkiinwin_male = { Krinkiinwin }
Kronos_male = { Kronos }
Kurag_male = { Kurag }
Kurmish_male = { Kurmish }
Kyloth_male = { Kyloth }
Lahdrogdu_male = { Lahdrogdu }
Leinnid_male = { Leinnid }
Lennalth_male = { Lennalth }
Lixwar_male = { Lixwar }
Lokqethnus_male = { Lokqethnus }
Loksovmaar_male = { Loksovmaar }
Loraqwen_male = { Loraqwen }
Lorgaruum_male = { Lorgaruum }
Lorginstar_male = { Lorginstar }
Lorgis_male = { Lorgis }
Malphus_male = { Malphus }
Malytharuum_male = { Malytharuum }
Maragros_male = { Maragros }
Maraz_male = { Maraz }
Marazatharaz_male = { Marazatharaz }
Mardorim_male = { Mardorim }
Markras_male = { Markras }
Maul_male = { Maul }
Medreth_male = { Medreth }
Mengaroth_male = { Mengaroth }
Mesanth_male = { Mesanth }
Meseth_male = { Meseth }
Messenth_male = { Messenth }
Migissa_male = { Migissa }
Minaithnir_male = { Minaithnir }
Mirelth_male = { Mirelth }
Mirroth_male = { Mirroth }
Mneventh_male = { Mneventh }
Moltratraz_male = { Moltratraz }
Muzhindom_male = { Muzhindom }
Naansah_male = { Naansah }
Nacrath_male = { Nacrath }
Naggaron_male = { Naggaron }
Naithwyrm_male = { Naithwyrm }
Naskaruum_male = { Naskaruum }
Naxxus_male = { Naxxus }
Nerroth_male = { Nerroth }
Nesyax_male = { Nesyax }
Neyjudzun_male = { Neyjudzun }
Neymuz_male = { Neymuz }
Neysovhon_male = { Neysovhon }
Niflor_male = { Niflor }
Norderwyrm_male = { Norderwyrm }
Norruth_male = { Norruth }
Norskaros_male = { Norskaros }
Nveryll_male = { Nveryll }
Omrathpaal_male = { Omrathpaal }
Ondsar_male = { Ondsar }
Ophar_male = { Ophar }
Opharuum_male = { Opharuum }
Ophira_male = { Ophira }
Ophodaar_male = { Ophodaar }
Opulum_male = { Opulum }
Oririth_male = { Oririth }
Orlawunax_male = { Orlawunax }
Orrizzarix_male = { Orrizzarix }
Oticrath_male = { Oticrath }
Otimorn_male = { Otimorn }
Oxorom_male = { Oxorom }
Padorim_male = { Padorim }
Paragax_male = { Paragax }
Paragros_male = { Paragros }
Paraxxis_male = { Paraxxis }
Peddrenth_male = { Peddrenth }
Pharax_male = { Pharax }
Phargaros_male = { Phargaros }
Pharonkuul_male = { Pharonkuul }
Phoboros_male = { Phoboros }
Porath_male = { Porath }
Porrelth_male = { Porrelth }
Portharax_male = { Portharax }
Premdirbein_male = { Premdirbein }
Pyredrakk_male = { Pyredrakk }
Qelturim_male = { Qelturim }
Quinarth_male = { Quinarth }
Ragganvael_male = { Ragganvael }
Rairish_male = { Rairish }
Rashar_male = { Rashar }
Ratharithuum_male = { Ratharithuum }
Rathdraugnir_male = { Rathdraugnir }
Ravoxan_male = { Ravoxan }
Reinzaamaav_male = { Reinzaamaav }
Rend_male = { Rend }
Rengarwyrm_male = { Rengarwyrm }
Resmir_male = { Resmir }
Rexxaros_male = { Rexxaros }
Rexxinmarath_male = { Rexxinmarath }
Rexxirathuul_male = { Rexxirathuul }
Rexxus_male = { Rexxus }
Rexxuul_male = { Rexxuul }
Rhoqrin_male = { Rhoqrin }
Rhorash_male = { Rhorash }
Rinnenth_male = { Rinnenth }
Roslarb_male = { Roslarb }
Rthyin_male = { Rthyin }
Rusorth_male = { Rusorth }
Ruthsar_male = { Ruthsar }
Saankrinsar_male = { Saankrinsar }
Sableclaw_male = { Sableclaw }
Saebel_male = { Saebel }
Salanth_male = { Salanth }
Saragos_male = { Saragos }
Sarg_male = { Sarg }
Sarl_male = { Sarl }
Seddrinth_male = { Seddrinth }
Selphistbast_male = { Selphistbast }
Seraphon_male = { Seraphon }
Serelath_male = { Serelath }
Shorolth_male = { Shorolth }
Shulmedshaan_male = { Shulmedshaan }
Silyolxbrom_male = { Silyolxbrom }
Skaladrak_male = { Skaladrak }
Skarath_male = { Skarath }
Skarathim_male = { Skarathim }
Skarax_male = { Skarax }
Skaraxx_male = { Skaraxx }
Skarazzarix_male = { Skarazzarix }
Skazzaruul_male = { Skazzaruul }
Skeltosdrakk_male = { Skeltosdrakk }
Slenlahlo_male = { Slenlahlo }
Sloxtheus_male = { Sloxtheus }
Smaug_male = { Smaug }
Sogwen_male = { Sogwen }
Soridus_male = { Soridus }
Srikkos_male = { Srikkos }
Srulsius_male = { Srulsius }
Star_male = { Star }
Sturminath_male = { Sturminath }
Sturmindrakk_male = { Sturmindrakk }
Sturminwyrm_male = { Sturminwyrm }
Sudreth_male = { Sudreth }
Sunlathir_male = { Sunlathir }
Surritus_male = { Surritus }
Sytherarix_male = { Sytherarix }
Sytherix_male = { Sytherix }
Sytherwyrm_male = { Sytherwyrm }
Sythiruum_male = { Sythiruum }
Sythisax_male = { Sythisax }
Talagath_male = { Talagath }
Talagros_male = { Talagros }
Taldraugnir_male = { Taldraugnir }
Talgaros_male = { Talgaros }
Talgarwyrm_male = { Talgarwyrm }
Talphasikuul_male = { Talphasikuul }
Tamenth_male = { Tamenth }
Taragros_male = { Taragros }
Targoth_male = { Targoth }
Tarnaith_male = { Tarnaith }
Tarvallax_male = { Tarvallax }
Tarvannos_male = { Tarvannos }
Tarvanor_male = { Tarvanor }
Teminth_male = { Teminth }
Teovanth_male = { Teovanth }
Tezoth_male = { Tezoth }
Thaarnsahkriid_male = { Thaarnsahkriid }
Thalzuum_male = { Thalzuum }
Tharavuum_male = { Tharavuum }
Tharax_male = { Tharax }
Tharumgaul_male = { Tharumgaul }
Tharuumdrakk_male = { Tharuumdrakk }
Therumvarr_male = { Therumvarr }
Thingarkraz_male = { Thingarkraz }
Thrumbuulzar_male = { Thrumbuulzar }
Thurkrindiin_male = { Thurkrindiin }
Titanicuul_male = { Titanicuul }
Togsar_male = { Togsar }
Tosashi_male = { Tosashi }
Totherwyrm_male = { Totherwyrm }
Tragerix_male = { Tragerix }
Traugonaith_male = { Traugonaith }
Trorog_male = { Trorog }
Tulvir_male = { Tulvir }
Turax_male = { Turax }
Tyranicos_male = { Tyranicos }
Tyranneroth_male = { Tyranneroth }
Tyrannix_male = { Tyrannix }
Udobor_male = { Udobor }
Udomash_male = { Udomash }
Ukbog_male = { Ukbog }
Ulthartraz_male = { Ulthartraz }
Ulzuum_male = { Ulzuum }
Ungorathuul_male = { Ungorathuul }
Urivyre_male = { Urivyre }
Urowunax_male = { Urowunax }
Uthnilleh_male = { Uthnilleh }
Vaelaztraz_male = { Vaelaztraz }
Valfyire_male = { Valfyire }
Valwyn_male = { Valwyn }
Vangalbrax_male = { Vangalbrax }
Vanlith_male = { Vanlith }
Varagros_male = { Varagros }
Varg_male = { Varg }
Vargantraz_male = { Vargantraz }
Varl_male = { Varl }
Varrax_male = { Varrax }
Varscael_male = { Varscael }
Varthakuul_male = { Varthakuul }
Varthamarazuum_male = { Varthamarazuum }
Varthazuum_male = { Varthazuum }
Varthis_male = { Varthis }
Vengertharax_male = { Vengertharax }
Vezoth_male = { Vezoth }
Viingqeth_male = { Viingqeth }
Viirdurnaan_male = { Viirdurnaan }
Viirsovaam_male = { Viirsovaam }
Vithfultah_male = { Vithfultah }
Vorlianth_male = { Vorlianth }
Vrakciar_male = { Vrakciar }
Vraklasar_male = { Vraklasar }
Vuthaarndaan_male = { Vuthaarndaan }
Vyragwen_male = { Vyragwen }
Vyuvroth_male = { Vyuvroth }
Walthinzuul_male = { Walthinzuul }
Warindrakk_male = { Warindrakk }
Wenwuthgolz_male = { Wenwuthgolz }
Wilbar_male = { Wilbar }
Winzarkuul_male = { Winzarkuul }
Wokherwyrm_male = { Wokherwyrm }
Wolog_male = { Wolog }
Wothintarlich_male = { Wothintarlich }
Wounaith_male = { Wounaith }
Wuldaar_male = { Wuldaar }
Wulthinzaar_male = { Wulthinzaar }
Wunar_male = { Wunar }
Wuqull_male = { Wuqull }
Wurthortraz_male = { Wurthortraz }
Wuudunmaar_male = { Wuudunmaar }
Wyrtraz_male = { Wyrtraz }
Xaldraugnir_male = { Xaldraugnir }
Xaragros_male = { Xaragros }
Xaraxxis_male = { Xaraxxis }
Xarazzarix_male = { Xarazzarix }
Xarra_male = { Xarra }
Xarrash_male = { Xarrash }
Xarrax_male = { Xarrax }
Xarrinn_male = { Xarrinn }
Xasgan_male = { Xasgan }
Xawder_male = { Xawder }
Xollor_male = { Xollor }
Yaragros_male = { Yaragros }
Yravaroth_male = { Yravaroth }
Ysarama_male = { Ysarama }
Ysonus_male = { Ysonus }
Yulderith_male = { Yulderith }
Zagarimithuul_male = { Zagarimithuul }
Zahsilfeyn_male = { Zahsilfeyn }
Zakkulstar_male = { Zakkulstar }
Zakkulsteruum_male = { Zakkulsteruum }
Zalagros_male = { Zalagros }
Zambarath_male = { Zambarath }
Zandarax_male = { Zandarax }
Zandarlich_male = { Zandarlich }
Zangarmarax_male = { Zangarmarax }
Zaragros_male = { Zaragros }
Zardraugnir_male = { Zardraugnir }
Zarikk_male = { Zarikk }
Zarnaith_male = { Zarnaith }
Zarra_male = { Zarra }
Zarrach_male = { Zarrach }
Zarrachazim_male = { Zarrachazim }
Zarwyrm_male = { Zarwyrm }
Zathuul_male = { Zathuul }
Zazzazal_male = { Zazzazal }
Zeinkelru_male = { Zeinkelru }
Zensira_male = { Zensira }
Zitharimuul_male = { Zitharimuul }
Zitharis_male = { Zitharis }
Zitharkaraz_male = { Zitharkaraz }
Zitharuum_male = { Zitharuum }
Zitherbarax_male = { Zitherbarax }
Zlumbos_male = { Zlumbos }
Zolmirin_male = { Zolmirin }
Zoranstaraz_male = { Zoranstaraz }
Zulith_male = { Zulith }
Zurvos_male = { Zurvos }
Zuultharith_male = { Zuultharith }
